Year,Location,Carbon_Emission,primary_GDP,secondary_GDP,tertiary_GDP,Export,Fixed_Asset_Investment,Population,Urbanization,Energy_Consumption,Thermal_Power,Cement_Production,Glass_Production,Vechicle,Highway,Railway,Freight_Transport,Innovation_Level,Patent_Level,R&D_Contribution,Foreign_Investment
1998,Beijing,60.38,86.56,786.85,1137.9,649107,1124.62,1246,0.74,3913,135.31,763,500.31,8.48,12498,1069,30120,4.4,0.25,4.24,326.08
1998,Tianjin,55.76,74.03,660,602.35,546525,571.05,957,0.71,2445,165.3,183,380.68,15.55,4335,527,21489,3,0.04,0.93,236.63
1998,Hebei,247.1,790.6,2084.33,1381.08,261247,1591.76,6569,0.25,9151,679.35,3887,2456,1.81,57263,3624,73836,2.63,0.01,0.24,152.23
1998,Shanxi,232.35,207.26,856.13,537.72,171248,454.93,3172,0.34,6626,548.02,1394.95,368.27,0.12,48560,2504,76017,-0.02,0.01,0.43,36.91
1998,Inner Mongolia,100.53,341.62,479.53,371.14,52174,316.76,2345,0.41,3050,347.94,486.8,339.49,0.11,58430,5077,39893,1.14,0.01,0.1,21.78
1998,Liaoning,237.13,531.46,1855.22,1495.05,762505,1057.7,4157,0.54,9106,581.05,1663.72,1546.94,4.28,44483,3558,78535,3.34,0.03,0.68,428.08
1998,Jilin,94.36,429.5,597.29,530.99,110715,431.78,2644,0.5,3751,241.96,627.8,119.21,23.49,33812,3474,28019,2.23,0.02,0.51,72.53
1998,Heilongjiang,170.9,463.05,1506.76,863.03,199316,770.05,3773,0.51,5975,411.17,744.14,334.76,7.13,49766,4948,51071,2.73,0.01,0.56,99.25
1998,Shanghai,86.83,78.5,1847.2,1762.5,1563175,1966.38,1464,0.86,4874,483.23,330.95,701.45,23.64,4104,248,31026,3.45,0.07,1.18,917.65
1998,Jiangsu,202.61,1016.27,3640.1,2543.58,1592340,2450.37,7182,0.34,8118,753.97,3856.3,1629.27,8.98,27331,757,77189,3.5,0.01,0.5,717.3
1998,Zhejiang,108.92,631.31,2709.08,1647.11,1160203,1801.74,4456,0.46,5222,404.51,3435.88,678.64,0.88,38533,942,60404,2.79,0.01,0.22,277.27
1998,Anhui,112.64,739.7,1253.53,812.22,153627,722.61,6184,0.27,4575,298.91,1928.7,180.88,7.07,39264,1836,36184,1.37,0,0.32,87.13
1998,Fujian,43.13,610.04,1444.73,1275.41,1071698,1053.01,3299,0.4,2579,137.11,1458.27,520.14,0.63,48021,1068,31425,1.94,0.01,0.2,478.91
1998,Jiangxi,51.48,450.44,740.33,661.21,113057,400.6,4191,0.27,2028,120.66,1133.38,268.31,12.2,36867,2125,22200,1.34,0,0.26,56.57
1998,Shandong,261.3,1215.81,3457.03,2489.36,1129409,1935.58,8838,0.38,9012,823.72,5411.71,1484.65,3.43,64145,2351,79392,3.27,0.01,0.33,393.04
1998,Henan,133.26,1071.39,2012.74,1272.47,133762,1289.7,9315,0.23,7244,617.36,3831,2165.02,1.08,57172,2355,58131,2.87,0,0.27,121.94
1998,Hubei,110.52,748.22,1752.91,1203.08,160442,1156.76,5907,0.4,6046,243.93,2269.92,626.15,17.93,52989,2028,34750,2.93,0.01,0.76,171.51
1998,Hunan,101.28,828.31,1294.17,1088.92,133188,796.89,6502,0.28,4894,152.01,2338.54,385.95,0.81,60071,2299,49062,3.09,0.01,0.29,78.09
1998,Guangdong,146.82,1004.92,3991.97,2922.23,7628026,2644.13,7143,0.56,8376,748.91,5091.86,612.08,1.03,92713,774,73750,3.21,0.01,0.48,2217.36
1998,Guangxi,44.15,574.25,678.19,650.6,160389,562.32,4675,0.28,2438,98.2,2008.47,71.68,11.67,51073,2014,31624,1.31,0,0.08,119.72
1998,Hainan,9.61,164,90.63,184.29,64226,173.37,753,0.38,407,26.93,223.12,0,0.25,16920,219,6550,1.42,0,0.16,228.04
1998,Chongqing,54.95,298.67,585.38,545.21,48418,492.97,3060,0.3,3277,118.54,1173.59,134.21,15.74,27210,591,25027,2.23,0,0.33,66.3
1998,Sichuan,117.75,941.24,1527.07,1111.95,121424,1145.33,8493,0.25,6750,222.87,2462.56,649.52,1.97,81646,2289,50978,2.72,0.01,0.87,96.27
1998,Guizhou,105.15,264.89,326.03,250.96,42507,278.41,3658,0.24,4315,171.88,559.42,45.78,0.25,33604,1648,12774,0.34,0,0.3,23.94
1998,Yunnan,61.09,408.43,828.37,557.1,100671,660.43,4144,0.22,3364,94.64,1558.66,259.97,1.09,76957,1855,48053,2.54,0.01,0.28,41.83
1998,Shaanxi,77.79,283.49,567.66,530.38,109372,517.57,3596,0.31,3022,214.77,859,165.09,1.64,42202,1941,30224,1.75,0.02,1.94,68.48
1998,Gansu,66.72,202.21,382,285.54,38483,301.45,2519,0.24,2687,157.41,630,412,0,35865,2322,21897,1.03,0.01,0.78,18.22
1998,Qinghai,12.26,41.63,88.42,90.11,11729,108.78,503,0.35,739,33.93,101.31,80.44,0,17936,1092,4333,-1.24,0,0.36,4.01
1998,Ningxia,29.3,48.69,94.01,84.76,23529,106.75,538,0.33,827,102.6,226.48,21.85,0,9487,712,5724,-1.35,0.01,0.37,5.79
1998,Xinjiang,89.27,291.05,430.73,394.89,65466,514.77,1747,0.34,3280,130.41,715.9,55.29,0.06,32762,1341,22694,1.12,0.01,0.17,15.19
1999,Beijing,60.64,87.48,840.23,1246.75,628539,1171.16,1257,0.76,3986,134.44,803,474.29,13.6,12825,1141.1,28306,4.52,0.46,4.36,393.34
1999,Tianjin,56.9,71.01,711.93,667.12,637682,576.45,959,0.72,2553,181.1,257.34,401.49,12.88,8844,529.6,26313,3.09,0.1,0.87,294.12
1999,Hebei,251.79,805.97,2243.59,1519.63,266003,1770.47,6614,0.26,9379,767.01,4133.77,2373.25,1.03,58162,3619.4,74708,2.73,0.01,0.33,145.83
1999,Shanxi,142.15,159.96,760.72,586.1,150053,477.57,3204,0.35,6501,558.45,1426.94,281.75,0.11,52807,2511.3,80370,-0.92,0.03,0.45,47.02
1999,Inner Mongolia,103.35,342.91,515.46,409.83,68409,348.22,2362,0.41,3803,378.18,549.71,390.93,0.07,63824,5011.5,41823,1.09,0.01,0.13,22.68
1999,Liaoning,248.57,520.8,2001.48,1649.41,812791,1119.47,4171,0.54,9384,584.94,1711.06,1536.8,5.74,45020,3557.7,81442,3.41,0.05,0.7,430.85
1999,Jilin,95.27,423.48,671.74,574.34,121712,500.02,2658,0.5,3693,254.64,659.03,185.07,27.54,34516,3476.4,28377,2.34,0.03,0.44,72.57
1999,Heilongjiang,165.21,377.23,1587.76,932.42,153962,751.66,3792,0.51,6058,402.31,850.95,436.44,8.6,49928,5013.2,52471,2.75,0.02,0.57,90.49
1999,Shanghai,92.59,80,1953.98,2000.98,1829087,1855.76,1474,0.88,5208,498.01,251.14,641.81,25.58,4231,259.5,44503,3.6,0.13,1.18,907.34
1999,Jiangsu,207.85,1003.51,3920.15,2774.16,1857982,2441.88,7213,0.36,8164,787.03,4378.32,1604.19,8.67,27749,757,80781,3.73,0.02,0.57,729.09
1999,Zhejiang,120.87,631.94,2902.81,1830.14,1365375,1958.05,4475,0.47,5457,439.9,3795.41,650.73,0.65,40266,795.1,64150,2.94,0.02,0.21,274.86
1999,Anhui,114.76,741.14,1278.91,888.54,163914,703.45,6237,0.28,4683,298.54,2133.44,181.95,4.35,40857,1833,40373,1.58,0.01,0.36,90.61
1999,Fujian,49.31,628.86,1507.29,1414.09,1061958,1084.66,3316,0.41,2772,172.17,1825.81,477.2,1.09,50202,873.9,32171,2.09,0.01,0.27,494.22
1999,Jiangxi,47.77,464.4,758.15,740.43,92516,454.44,4231,0.27,2134,134.72,1315.02,260,11.99,36918,2161.4,22469,1.64,0.01,0.33,48.53
1999,Shandong,260.41,1221,3705.44,2735.66,1221885,2220.57,8883,0.38,9068,910.45,5949.2,1501.7,2.07,67847,2364.2,83444,3.31,0.02,0.42,381.45
1999,Henan,139.61,1123.14,2070.88,1382.08,124035,1206.83,9387,0.23,7380,642.14,3800.8,2137.14,0.79,60330,2353.1,59347,3,0.01,0.3,119.52
1999,Hubei,123.46,653.99,1887.93,1316.07,153555,1239.14,5938,0.4,5988,283,2209.7,658.01,19.17,55389,2030.7,40185,3.14,0.02,0.83,162.88
1999,Hunan,78.92,778.25,1297.74,1250.76,139814,883.94,6532,0.29,4087,167.14,2273.85,710.36,1.05,60416,2306.5,51018,3.21,0.01,0.37,72.14
1999,Guangdong,157.79,1021.3,4264.32,3178.69,7875985,2937.02,7270,0.56,8735,877.22,5609.4,579.18,1.69,95610,773.5,77835,3.54,0.02,0.69,2152.39
1999,Guangxi,44.82,554.48,695.83,702.96,122023,578.76,4713,0.28,2473,99.47,2062.55,185.27,9.82,51378,2012.8,29325,0.93,0.01,0.1,108.9
1999,Hainan,4.21,176.42,94.95,199.86,55118,194.78,762,0.39,431,28.78,288.17,0,0.25,17124,219,5650,2.11,0.01,0.27,231.51
1999,Chongqing,60.27,284.28,604.39,591.04,53429,525.26,3075,0.32,3689,125.99,1197.6,122.55,21.37,28086,591.4,25174,3.48,0.01,0.35,72.58
1999,Sichuan,99.92,941.02,1556.68,1213.91,116479,1224.4,8550,0.26,6370,183.46,2591.18,568.82,2.33,89318,2289.6,47738,2.53,0.02,1.03,100.43
1999,Guizhou,62.41,267.57,348.59,295.7,39944,311.93,3710,0.24,4018,200.92,710.29,41.07,0.22,33973,1653.5,14065,-2.53,0,0.31,20.06
1999,Yunnan,58.02,412.17,825.12,618.45,92205,663.97,4192,0.23,3288,113.29,1622.77,302.56,1.22,102405,1872.5,50388,2.85,0.02,0.3,43.62
1999,Shaanxi,73.71,267.51,641.9,578.2,101853,587.79,3618,0.32,2668,235.37,990,123.63,1.26,43212,1940.7,28608,2.11,0.03,1.96,76.94
1999,Gansu,66.67,191.21,423.79,316.98,37716,355.51,2543,0.24,2917,144.92,705.03,337.42,0,36212,2322.8,22339,0.95,0.02,0.77,18.25
1999,Qinghai,14.44,40.54,97.88,99.97,12020,117.15,510,0.35,939,26.88,116.75,102.1,0,18268,1091.8,4472,-0.84,0.01,0.33,8.8
1999,Ningxia,28.45,48.01,102.68,90.8,28488,128.1,543,0.33,848,102.46,248.28,62.98,0,10015,711.7,5954,-0.76,0.02,0.34,8.19
1999,Xinjiang,86.7,268.51,460.71,439.33,100300,526.65,1774,0.34,3215,135.33,802,91.1,0.01,33484,1848.5,24838,1.45,0.02,0.21,12.77
2000,Beijing,63.47,89.97,943.51,1445.28,766723,1280.46,1382,0.78,4212,136.62,827,432.1,13.71,13597,1140.9,30714,4.94,0.78,4.75,402.46
2000,Tianjin,66.95,73.54,820.17,745.65,767427,610.94,1001,0.72,2794,211.35,267.81,417.05,10.18,8946,531.2,26026,3.27,0.16,1.55,330.86
2000,Hebei,257.93,824.55,2559.96,1704.45,327814,1816.79,6744,0.26,9893,839.53,4694.59,2083.3,0.94,59152,3631.9,75604,2.24,0.03,0.57,140.1
2000,Shanxi,87.94,179.86,827.59,636.36,209094,548.16,3297,0.35,6735,607.27,1193.65,356.72,0.11,55408,2510.8,86357,-0.63,0.05,0.54,48.27
2000,Inner Mongolia,110.87,350.8,556.28,493.93,111400,423.64,2376,0.43,3540,432.09,630.02,371.58,0.07,67346,5011.1,44434,1.8,0.03,0.21,25.36
2000,Liaoning,290.37,503.44,2344.4,1821.22,1058947,1267.68,4238,0.54,10766,628,1954.87,1475.26,8.37,45547,3556.4,80663,3.55,0.11,0.89,655.43
2000,Jilin,95.97,398.73,800.28,622.18,148693,603.51,2728,0.5,3655,265.48,758.86,330.96,32.26,35216,3474.4,29450,1.97,0.06,0.77,76.61
2000,Heilongjiang,172.12,357,1868.55,1027.45,242393,832.64,3689,0.52,6166,413.54,903.68,528.09,12.2,50284,5013.2,53550,2.72,0.06,0.52,83.44
2000,Shanghai,100.66,83.2,2163.68,2304.27,2463961,1869.38,1674,0.89,5492,553.09,311.69,751.88,25.27,4325,256.5,46789,4.3,0.18,1.53,985.4
2000,Jiangsu,216.26,1031.17,4435.89,3115.67,2637694,2569.97,7438,0.42,8612,909.57,4599.52,1889.4,8.34,28198,757.1,86266,3.81,0.05,0.85,750.04
2000,Zhejiang,100.16,664.16,3183.47,2188.71,2048214,2349.95,4677,0.49,5967,539.18,4256.61,736.98,1.08,41605,793.7,75282,3.32,0.04,0.54,293.13
2000,Anhui,122.5,732.19,1296.31,1009.73,211942,803.97,5986,0.28,4879,350.87,1905.57,181.46,5.74,44493,1842.9,43942,1.81,0.02,0.64,91.44
2000,Fujian,54,640.57,1711.16,1568.34,1362282,1112.2,3471,0.42,2943,208.45,1513.64,479.87,2.36,51073,873.9,36110,2.85,0.03,0.56,470.84
2000,Jiangxi,51.51,485.14,700.76,817.17,118837,516.08,4140,0.28,2220,149.85,1463.04,258.43,13.34,37138,2152.6,23502,1.94,0.02,0.41,68.76
2000,Shandong,261.42,1268.57,4244.4,3029.47,1609267,2531.1,9079,0.38,8203,1005.14,6547.05,1559.65,1.28,70686,2401.6,92499,3.36,0.04,0.63,389.5
2000,Henan,140.53,1161.58,2413.78,1562.3,158683,1377.74,9256,0.23,7876,677.76,3723.4,2425.41,0.84,64453,2353.1,60894,3.05,0.02,0.49,113.59
2000,Hubei,127.86,662.3,2123.7,1490.32,189977,1339.2,6028,0.41,6269,277.73,2460.92,625.98,18.62,57850,2030.8,39009,3.32,0.03,0.98,166.7
2000,Hunan,75.79,784.92,1461.86,1445.1,163190,1012.24,6440,0.3,4071,163.27,2395.72,735.34,1.74,60848,2312.7,50964,3.36,0.03,0.54,73.06
2000,Guangdong,182.14,1000.06,4868.75,3793.42,9342792,3145.13,8642,0.55,9448,1038.61,5872.4,632.59,3.83,102604,693.8,84626,3.88,0.03,0.99,2165.1
2000,Guangxi,47.48,538.69,748,763.45,164048,583.34,4489,0.28,2669,120.21,2198.35,192.73,12.78,52910,2012.3,29642,0.57,0.02,0.4,108.5
2000,Hainan,4.79,196.56,102.45,219.47,60853,198.87,787,0.42,480,27.51,315.05,0,0.31,17401,219,6675,0,0.02,0.15,234.36
2000,Chongqing,60.6,283,657.51,648.83,106048,572.59,3090,0.33,4023,129.68,1402.78,125.39,25.28,29252,598,26716,3.39,0.02,0.55,66.02
2000,Sichuan,104.04,945.58,1700.49,1364.18,143360,1418.04,8329,0.27,6590,185.13,2766.42,569.44,3.64,90875,2333.3,51477,2.34,0.03,1.14,101.07
2000,Guizhou,61.25,270.99,387.85,334.69,48166,396.98,3525,0.24,4325,221.27,783.88,40.37,0.14,34643,1641.7,15615,-2.81,0.02,0.41,14.93
2000,Yunnan,53.53,436.26,843.24,675.59,109271,683.96,4288,0.24,3207,101.32,1512,287.71,2.32,109560,1872.5,52022,2.93,0.03,0.33,48.19
2000,Shaanxi,68.54,279.12,731.9,649.9,132693,653.67,3605,0.32,2731,237.48,989.44,277.03,1.93,44006,2204.6,29201,2.23,0.05,2.74,83.22
2000,Gansu,70.74,193.36,439.88,350.12,42079,395.4,2562,0.24,3012,150.98,723.5,401.26,0,39344,2318,23070,0.97,0.03,0.69,25.65
2000,Qinghai,12.55,38.53,114,111.06,13355,151.14,518,0.35,879,26.1,123.71,99.81,0,18679,1091.9,4697,0,0.03,0.49,5.77
2000,Ningxia,0.81,45.95,120.04,99.58,35426,157.52,562,0.33,1179,128.43,280.25,67.08,0,10171,716.1,6493,-0.45,0.04,0.58,9.4
2000,Xinjiang,89.33,288.18,586.84,489.34,114724,610.39,1925,0.34,3316,149.29,894.55,19.35,0.14,34585,2309.9,23134,1.89,0.03,0.23,11.43
2001,Beijing,61.76,93.08,1030.6,1721.97,791365,1513.32,1383,0.79,4313,130.35,809,400.77,15.27,13891,1160.6,30608,5.25,0.68,4.43,429.25
2001,Tianjin,66.7,78.55,904.64,856.91,886930,705,1004,0.73,2918,217.43,338.99,399.38,5.89,9647,697.2,27988,3.42,0.1,1.43,341.54
2001,Hebei,266.52,913.9,2767.41,1896.47,347069,1912.53,6699,0.28,10391,897.88,4878.03,2328.27,1.29,62615,4570.9,78886,1.54,0.03,0.51,147.84
2001,Shanxi,93.38,171.09,917.98,690.9,258732,663.58,3272,0.36,7968,691.14,1573.01,457.03,0.13,56993,3050.2,93515,0.39,0.04,0.53,49.35
2001,Inner Mongolia,117.61,358.89,626.47,560.43,89695,503.63,2377,0.44,4073,456.93,698.12,464.34,0.09,70408,6038.2,46296,1.83,0.03,0.23,22.17
2001,Liaoning,272.46,544.44,2440.55,2048.09,1074832,1421.19,4194,0.55,10656,638.68,2101.45,1537.74,7.96,46603,3782.8,79623,3.71,0.08,1.07,637.97
2001,Jilin,102.51,409.1,880.84,742.54,152980,701.7,2691,0.5,3863,270.83,907.25,296.08,39.08,39747,3561.6,29380,2.18,0.05,0.87,80.98
2001,Heilongjiang,163.02,409.3,1998.74,1152.96,217600,963.58,3811,0.52,6037,425.41,965.56,597.7,13.9,62979,5503.2,54204,2.41,0.04,0.66,76.5
2001,Shanghai,105.86,85.5,2355.53,2509.81,2686482,2004.64,1614,0.89,5818,572.86,433.69,755.82,29,6078,256.5,50880,4.66,0.15,1.68,1126.88
2001,Jiangsu,217.31,1082.43,4907.46,3522.02,2938782,2823.2,7355,0.44,8881,986.49,5246.93,2224.08,10.85,58866,897.7,86496,3.97,0.03,0.98,920.01
2001,Zhejiang,147.83,695.15,3459.75,2593.25,2426110,2834.94,4613,0.5,6530,614.29,4791.03,1004.61,2.13,44005,1220.8,78405,3.46,0.04,0.6,340.64
2001,Anhui,128.96,750.07,1415.32,1124.74,216970,893.37,6328,0.29,5118,381.22,2371.52,186.66,8.9,65807,2220.4,43433,1.86,0.01,0.6,92.08
2001,Fujian,53.65,651.11,1904.21,1698.36,1479042,1172.91,3440,0.43,3163,211.7,1762.02,467.3,3.27,53547,1284.8,31478,2.62,0.02,0.55,512.6
2001,Jiangxi,52.7,506,788.12,881.56,109230,631.84,4186,0.3,2329,162.22,1608.31,263.59,15.93,60314,2415.3,24174,1.84,0.02,0.36,73.79
2001,Shandong,303.35,1359.49,4654.51,3424.31,1847788,2788.68,9041,0.4,9955,1068.95,7287.25,1809.24,1.18,71128,2855.4,101775,3.47,0.04,0.67,425.16
2001,Henan,156.32,1234.34,2659.04,1746.73,183985,1544.06,9555,0.25,8244,753.81,4686.4,2794.6,0.93,69041,3593.9,65414,3.06,0.02,0.51,100.73
2001,Hubei,126.84,692.17,2313.66,1656.45,179636,1486.55,5975,0.41,6052,322.88,2796.7,678,24.19,85757,2212.5,41764,3.52,0.03,0.95,141.43
2001,Hunan,82.08,825.73,1573,1584.27,174155,1174.3,6596,0.31,4622,189.07,2761.89,858.93,1.96,66593,2757.9,50367,3.38,0.03,0.63,65.67
2001,Guangdong,185.46,1004.35,5341.61,4301.75,9582860,3484.43,7783,0.56,10179,1075.18,6018.02,571.6,5.57,104798,1923.2,88537,3.99,0.04,1.13,2218.23
2001,Guangxi,44.95,562.52,791.85,876.82,135109,655.63,4788,0.29,2669,116.21,2140.45,188.98,13.65,54752,2710.7,29982,1.33,0.01,0.35,102.46
2001,Hainan,4.93,201.79,111.25,232.92,63729,213.32,796,0.43,520,28.61,312.59,0,0,20667,219,7176,2.13,0.02,0.14,214.96
2001,Chongqing,56.45,293.03,727.66,729.08,117166,697.03,3097,0.36,3016,136.87,1698.8,149.18,23.9,30654,632.6,28210,3.37,0.01,0.5,70.24
2001,Sichuan,105.75,981.68,1756.86,1683.22,168450,1617.52,8640,0.28,6810,208.77,3162.14,795.08,4.12,108724,2505.2,51977,2.54,0.03,1.34,109.39
2001,Guizhou,55.56,274.17,419.74,390.99,51281,536.01,3799,0.25,4438,268.55,1204,4,0.13,34617,1643.7,16344,-2.81,0.01,0.47,15.99
2001,Yunnan,58.59,450.54,881.49,742.68,114719,738.45,4287,0.25,3490,142.99,1640.87,293.48,2.74,163953,1946.3,52781,3.24,0.03,0.36,53.77
2001,Shaanxi,70.41,287.24,816.34,740.69,141660,773.43,3659,0.33,3257,275.04,1492.91,733.35,1.85,45273,2873.8,31364,2.14,0.04,2.57,95.96
2001,Gansu,73.17,207.05,481.07,384.39,47774,460.37,2575,0.25,2905,184.13,891.65,473.89,0,39844,2664.8,23639,1.01,0.02,0.75,24.64
2001,Qinghai,15.41,42.79,132.18,125.98,16864,196.35,523,0.36,930,44.98,176.13,81.35,0,23328,1297,5042,-0.76,0.03,0.4,6.48
2001,Ningxia,0.93,49.57,134.37,114.44,39481,191.08,563,0.34,1279,142.71,318.69,64.61,0,10899,786.6,6822,-0.12,0.03,0.44,10.62
2001,Xinjiang,93.65,288.12,630.37,566.99,66810,706,1876,0.35,3496,151.3,981,84.46,0.26,80947,2774.4,20918,2.11,0.05,0.21,11.2
2002,Beijing,64.27,98.05,1116.53,1998.13,833685,1796.14,1423,0.8,4503,136.18,884,625.59,20.45,14359,1138.1,30799,5.4,0.75,4.85,454.95
2002,Tianjin,68.83,84,1001.9,965.26,1108387,807.51,1007,0.73,3022,268.83,377.75,329.58,9.44,9696,681.6,30052,3.59,0.1,1.62,365.29
2002,Hebei,289.99,957.01,3046,2119.52,415768,2020.38,6735,0.31,11588,1010.32,5769.24,2800.97,1.88,63079,4585.7,82226,1.8,0.03,0.61,154.77
2002,Shanxi,207.69,197.8,1083.79,735.95,275155,813.36,3294,0.38,9339,823.18,1680,340.21,0.09,59611,3050.5,99776,1.36,0.05,0.62,57.69
2002,Inner Mongolia,132.26,374.69,728.34,631.28,103212,707.91,2379,0.45,4560,507.3,711.43,749.42,0.13,72673,6192.6,48346,1.76,0.02,0.25,24.23
2002,Liaoning,294.11,590.2,2609.85,2258.17,1205989,1605.55,4203,0.56,10599,709.29,2145.75,1470.92,9.01,48051,3799.8,81044,3.93,0.09,1.31,664.08
2002,Jilin,105.21,446.17,978.37,821.58,186810,834.23,2699,0.51,4353,250.37,889.2,343.22,52.02,41095,3561.8,30642,2.12,0.06,1.29,179.12
2002,Heilongjiang,164.13,447,2169.15,1266.01,241239,1046.17,3813,0.52,6004,444.19,957.71,467.64,18.54,63046,5502.8,54394,2.49,0.04,0.72,74.68
2002,Shanghai,109.25,88.24,2564.69,2755.83,3101288,2213.72,1625,0.89,6119,608.92,351.59,718.42,39.19,6286,256.5,54064,4.79,0.21,1.9,1279.64
2002,Jiangsu,232.36,1119.12,5550.98,3961.65,3901482,3450.12,7381,0.45,9609,1115.53,6035.29,2990.05,16.82,60141,1340.4,87819,4.09,0.05,1.11,1254.84
2002,Zhejiang,163.1,694,3982,3120,3156471,3477.47,4647,0.52,7386,630.12,5742.79,1354.33,4.53,45646,1300.1,91115,3.66,0.04,0.68,432.02
2002,Anhui,133.07,772.55,1552.21,1244.34,232631,1074.46,6338,0.31,5316,455.15,2403.51,184.31,13.62,67547,2219.7,50550,2.02,0.02,0.67,96.22
2002,Fujian,61.89,664.78,2159.94,1857.29,1838727,1253.08,3466,0.45,3490,308.5,1698.69,508.11,4.84,54155,1453.9,32789,2.56,0.02,0.55,594
2002,Jiangxi,56.28,535.98,951.77,962.73,105792,889.04,4222,0.31,2599,186.48,1965.97,471.99,20.75,60696,2368.6,26089,1.84,0.01,0.48,98.69
2002,Shandong,345.88,1390,5309.54,3852.52,2150069,3483.31,9082,0.41,11048,1220.73,8238.69,1924.38,1.99,74029,2855.4,110185,3.55,0.04,0.88,470.87
2002,Henan,162.7,1288.36,2951.06,1929.31,233571,1725.93,9613,0.26,8603,858.86,4481.3,2920.37,1.59,71741,3593.9,68633,2.88,0.02,0.49,118.16
2002,Hubei,135.13,707,2446.05,1822.58,207335,1605.06,5988,0.42,6713,333.98,2948.66,1098.17,39.41,86098,2388.9,38944,3.55,0.03,1.14,158.54
2002,Hunan,94.55,847.25,1737.2,1756.49,180355,1347.96,6629,0.33,5045,197.61,2746.5,583.61,2.8,84808,2758,51916,3.48,0.02,0.63,86.81
2002,Guangdong,198.49,1032.8,5935.63,4801.3,11909156,3850.78,7859,0.58,11355,1209.57,7442.3,684.22,6.52,108538,2108.2,98900,4.23,0.04,1.15,2363.54
2002,Guangxi,41.82,595.68,863.96,995.72,147665,750.33,4822,0.3,2982,123.61,2401.18,172.76,17.23,56297,2745.2,30796,1.49,0.01,0.36,104.44
2002,Hainan,1.01,228.95,125.33,249.85,67461,225.41,803,0.43,602,36.37,347.35,0,0,20876,213.9,7653,-0.09,0.01,0.19,98.51
2002,Chongqing,57.91,315.78,827.55,827.97,111615,899.26,3107,0.38,3204,147.27,1750,141.09,33.13,31060,718.2,29784,3.71,0.02,0.55,68.93
2002,Sichuan,113.82,1027.62,1982.44,1865.06,262983,1902.72,8673,0.29,7510,285.65,3294.47,943.69,3.33,111898,2944,57577,2.05,0.03,1.31,119.98
2002,Guizhou,68.58,280.83,474.68,429.53,56551,632.97,3837,0.25,4470,325.59,1121.11,17.88,0.27,44220,1892.8,17399,0.3,0.01,0.49,18.91
2002,Yunnan,63.21,470.5,951.48,810.34,129403,814.61,4333,0.26,3939,163.93,1709,309.85,3.86,164852,2371.4,54621,2.89,0.02,0.42,60.55
2002,Shaanxi,84.73,303.79,925.78,806.39,157739,915.35,3674,0.34,3713,317.59,1328.3,267.72,3.23,46564,2885.1,33540,2.72,0.04,2.69,106.25
2002,Gansu,79.08,214.45,530.36,416.62,51047,526.21,2593,0.26,3018,234.26,1081.02,276.32,0,40223,2317.4,24016,1.7,0.03,0.89,21.66
2002,Qinghai,16.38,44.9,154.01,142.2,16228,232.35,529,0.37,1019,50.52,263.5,0,0,24003,1091.9,5224,0.22,0.03,0.62,7
2002,Ningxia,1.09,52.84,151.16,125.28,35938,226.98,572,0.36,1378,163.24,374.24,59.5,0,11245,786.6,7056,-0.16,0.04,0.53,22.6
2002,Xinjiang,91.98,305,672.1,621.18,129029,800.09,1905,0.35,3622,164.43,981.64,47.05,0.37,82929,2774.5,22407,2.31,0.03,0.22,11.44
2003,Beijing,69.37,95.64,1311.86,2255.6,995985,2169.26,1456,0.81,4648,185.64,999,666.12,34.91,14453,1136.1,30729,5.58,1.55,4.87,463.28
2003,Tianjin,71.52,89.66,1245.29,1112.71,1384932,1039.39,1011,0.74,3215,320.07,451,262.77,17.25,10168,666.3,32014,3.74,0.24,1.79,415.55
2003,Hebei,320.69,1064.33,3657.19,2377.04,593993,2477.98,6769,0.33,15298,1085.17,6811.4,4681.91,11.17,65391,4744,77089,1.92,0.04,0.6,175.19
2003,Shanxi,308.85,215.19,1389.33,852.07,373515,1100.86,3314,0.39,10386,945.71,1949,304.62,0.07,63122,3137.5,106720,1.17,0.08,0.55,61.19
2003,Inner Mongolia,126.36,420.1,973.94,756.38,152567,1174.66,2380,0.45,5778,639.53,947.86,852.49,0.27,74135,6202.6,50820,2.38,0.03,0.27,38.36
2003,Liaoning,319.54,615.8,2898.89,2487.85,1504708,2076.36,4210,0.57,11253,812.3,2439.74,1361.5,13,50095,4173.9,83515,4.13,0.15,1.41,735.01
2003,Jilin,116.48,486.9,1143.39,892.33,240856,969.03,2704,0.51,5174,297.39,1119.13,339.34,64.07,43779,3561.8,31436,2.17,0.09,1.3,182.65
2003,Heilongjiang,172.02,500.8,2532.45,1396.75,372503,1166.18,3815,0.53,6714,483.12,1114.43,247.67,20,65123,5483.7,54350,2.49,0.06,0.91,81.23
2003,Shanghai,123.98,90.64,3130.72,3029.45,4583292,2499.14,1711,0.89,6796,687.51,744.67,790.25,58.73,6484,256.5,58507,4.96,0.51,1.89,1508.16
2003,Jiangsu,268.13,1106.35,6787.11,4567.37,5958671,5233,7406,0.47,11060,1332.77,7825.14,3807.27,21.26,65565,1393.6,92845,4.34,0.08,1.21,1500.14
2003,Zhejiang,184.04,728,4941,3726,4438510,4740.27,4680,0.53,9523,827.5,7194.1,1677.02,8.19,46193,1249.9,103833,3.97,0.09,0.77,612.26
2003,Anhui,150.36,732.81,1780.6,1458.97,276877,1418.69,6410,0.32,5457,541.6,3072.96,418.15,20.63,69560,2219.7,54643,2.17,0.02,0.75,116.44
2003,Fujian,75,692.94,2492.73,2046.5,2346763,1496.37,3488,0.46,4808,421.46,2400.2,511.85,8.67,54876,1453.9,34415,2.81,0.04,0.75,661.18
2003,Jiangxi,67.83,560,1227.38,1043.08,141502,1303.22,4254,0.33,3426,273.3,2524.18,575,18.52,61233,2298.2,27709,2.12,0.02,0.6,136.67
2003,Shandong,424.16,1480.67,6656.85,4298.41,2769400,5315.14,9125,0.42,16625,1396.77,9935,2252.27,7.49,76266,3150.5,117051,3.96,0.06,0.95,596.62
2003,Henan,231.76,1239.7,3551.94,2256.95,333074,2262.97,9667,0.28,10595,968.26,4722.6,3129.23,2.77,73831,3654.2,69688,2.96,0.03,0.49,126.28
2003,Hubei,150.52,798.35,2580.58,2022.78,256564,1809.45,6002,0.42,7708,395.32,3445.81,1086.62,36.89,87813,2388.5,41261,3.72,0.07,1.15,176.76
2003,Hunan,104.21,886.47,1794.21,1958.05,216386,1590.32,6663,0.34,6298,294.79,3135,764.56,4.38,85233,2977.2,60306,3.61,0.05,0.65,102.14
2003,Guangdong,225.58,1093.52,7307.08,5225.27,15370992,4813.2,7954,0.59,13099,1399.46,7530.01,739.33,18.88,110253,2112.5,100565,4.39,0.12,1.13,2412.62
2003,Guangxi,49.71,652.28,1007.96,1074.89,177705,921.3,4857,0.32,3523,170.28,2665.19,452.17,18.06,58451,2738,31525,1.43,0.02,0.4,104.48
2003,Hainan,8.3,248.33,151.16,271.44,64842,280.02,811,0.44,684,45.25,397.84,0,5.5,20877,221.7,8008,0.18,0.03,0.17,89
2003,Chongqing,54.54,336.36,977.3,936.9,148969,1161.51,3130,0.4,3069,158.18,2037.66,147.02,40.45,31407,718.2,32563,4.02,0.04,0.67,65.47
2003,Sichuan,148.67,1128.61,2266.06,2061.65,302836,2336.34,8700,0.3,9204,368.45,4059.85,915.27,4.76,112543,2961.8,57527,2.55,0.04,1.49,136.32
2003,Guizhou,111.7,298.37,579.31,478.43,81182,748.12,3870,0.26,5534,432.74,1590.98,77.44,0.13,45304,1900.1,18224,0.58,0.02,0.55,21
2003,Yunnan,81.86,502.84,1069.29,893.16,146961,1000.12,4376,0.27,4450,193.91,2052.79,336.43,4.05,166133,2340.3,58170,3.13,0.04,0.42,73.09
2003,Shaanxi,93.61,320.03,1133.56,944.99,190697,1200.68,3690,0.35,4170,373.35,1828,864.52,4.27,50019,2892.3,34961,2.82,0.05,2.63,116
2003,Gansu,90.31,236.61,607.62,460.37,74062,619.82,2603,0.28,3525,295.95,1160.82,270.37,0.02,40293,2312.5,24539,2.05,0.03,0.91,21.64
2003,Qinghai,18.24,46.15,184.26,159.8,22081,255.62,534,0.38,1123,63.88,307,84.47,0,24377,1091.8,5653,-0.19,0.03,0.62,7.86
2003,Ningxia,38.08,55.5,192,137.84,53802,317.99,580,0.38,2015,198.85,494.13,18.61,0,11916,791.4,7344,0,0.09,0.54,38.84
2003,Xinjiang,102.95,412.9,796.84,667.87,238643,973.39,1934,0.36,4177,195.1,1127.71,68.32,0,83633,2773.3,27078,2.49,0.04,0.2,12.51
2004,Beijing,77.47,102.9,1610.37,2570.04,1311698,2528.2,1493,0.83,5140,198.07,1128,656.73,53.87,14630,1124.6,31321,6.05,2.15,5.07,531.62
2004,Tianjin,78.99,102.29,1560.16,1269.43,2047852,1245.7,1024,0.75,3697,339.76,537,375.77,22.26,10514,661.6,36237,3.81,0.42,2.05,470.45
2004,Hebei,365.68,1370.4,4635.23,2763.16,970952,3218.8,6809,0.35,17348,1251.11,7825.51,3612.31,14.35,70200,4671.5,83672,1.98,0.05,0.58,200.57
2004,Shanxi,322.94,253.37,1810.08,978.96,719609,1443.9,3335,0.41,11251,1058,1923.23,414.05,0.09,65813,3143.5,121633,1.79,0.09,0.67,69.13
2004,Inner Mongolia,210.05,506.07,1332.47,873.53,188709,1788,2384,0.46,7623,805.84,1182.44,1042.83,0.59,75976,6337.3,57436,2.34,0.05,0.27,108.11
2004,Liaoning,355.88,769.9,3278.88,2823.87,1958552,2979.6,4217,0.58,13074,834.48,2472.08,1748.54,14.17,52415,4174.2,89625,4.32,0.22,1.65,679.15
2004,Jilin,123.66,560.96,1379.31,1017.94,191674,1169.1,2709,0.52,5603,329.15,1376.31,268.21,64.62,46796,3561.8,33286,2.38,0.17,1.45,193.51
2004,Heilongjiang,193.17,587.76,3155.33,1559.92,371991,1430.8,3817,0.53,7466,484.98,1128.08,477.79,21.11,66821,5564.9,57011,2.53,0.09,0.86,94.66
2004,Shanghai,133.88,96.71,3788.22,3565.34,6973125,3050.3,1742,0.89,7406,703.77,665,845.81,55.96,7805,263.5,62986,5.15,0.97,2.11,1721.88
2004,Jiangsu,314.2,1315.38,8716.11,5371.68,8803941,6557.1,7433,0.49,13652,1550.78,7993.22,4195.04,24.38,78262,1606.4,99136,4.5,0.14,1.44,2169.81
2004,Zhejiang,231.82,816,6045,4382,6115262,5781.4,4720,0.55,10825,915.34,8191.61,1962.37,10.09,46935,1249.9,118074,4.06,0.17,1.01,834.32
2004,Anhui,165.29,932.42,2169.82,1710.44,355908,1935.3,6461,0.34,6017,587.58,3235.46,482.34,21.8,71783,2353.1,58893,2.2,0.02,0.74,129.38
2004,Fujian,86.71,777.87,2950.33,2324.94,3055072,1892.9,3511,0.48,5449,489.52,2245.34,536.53,6.58,56208,1453.9,38253,2.65,0.05,0.8,688.77
2004,Jiangxi,83.36,711.7,1595.74,1188.5,260783,1713.2,4284,0.35,3814,303.43,2976.13,627.91,18.4,61860,2274.4,31924,2.24,0.02,0.63,163.26
2004,Shandong,518.28,1778.3,8724.52,4987.91,3717848,6970.6,9180,0.44,19624,1681.78,12363.84,3535.97,14.73,77766,3262.5,129024,4.32,0.09,1.07,694.1
2004,Henan,239.26,1647.48,4515.35,2652.26,440023,3099.4,9717,0.29,13074,1200.87,5393.6,3346.34,3.03,75719,4090.3,72730,3.01,0.03,0.5,148.61
2004,Hubei,169.11,1020.09,2994.67,2295.16,325159,2264.8,6016,0.43,9120,396.8,3767.66,1073.92,33.57,89673,2486.7,43879,3.83,0.12,1.02,226.94
2004,Hunan,114.21,1155.85,2214.41,2242,314416,2072.6,6698,0.36,7599,371.31,3358.22,887.74,4.57,87875,2835.9,70320,3.71,0.07,0.67,119.08
2004,Guangdong,251.32,1245.42,8890.29,5903.75,19241067,5870,8304,0.6,15210,1661.26,7785.25,965.06,27.66,111452,2181.4,114790,4.05,0.23,1.13,2609.57
2004,Guangxi,67.23,811.38,1288.26,1220.46,231441,1236.5,4889,0.33,4203,192.02,2679.54,486.61,28.47,59704,2737.6,34486,2.21,0.03,0.36,126.78
2004,Hainan,8.77,283.84,180.41,305.11,82492,317.1,818,0.45,742,56.4,418.7,0,6.7,20873,385.6,8577,-1.66,0.04,0.26,86.33
2004,Chongqing,64.42,431.32,1181.24,1052.83,187608,1537.1,3122,0.43,3670,168.99,1957.23,144.95,43.71,32344,718.2,36430,4.09,0.05,0.77,72.45
2004,Sichuan,169.87,1394.26,2690,2471.76,348804,2818.4,8725,0.32,10700,313.79,3819.91,975.15,6.28,113043,2958,60155,2.81,0.07,1.24,139.82
2004,Guizhou,123.38,334.11,714.66,543.13,126838,865.2,3904,0.26,6021,490.4,1428.8,58.88,0.05,46128,1890.6,19439,0.3,0.05,0.53,22.34
2004,Yunnan,59.66,604.33,1314.19,1040.96,202035,1291.5,4415,0.28,5210,248.22,2151,312.7,5.12,167050,2328.1,59081,3.07,0.05,0.4,78.92
2004,Shaanxi,116.46,394.98,1416.82,1071.71,262428,1508.9,3705,0.36,4776,455.9,1800.5,477.99,4.95,52720,3151.2,37961,2.63,0.12,2.66,124.63
2004,Gansu,99.57,281.4,758.18,519.35,103604,733.9,2619,0.29,3908,334.71,1353.04,312.69,0.08,40751,2295.5,25686,2.48,0.05,0.87,30.59
2004,Qinghai,19.62,57.81,227.06,180.86,46181,289.2,539,0.38,1364,61.21,342.81,74.5,0,28059,1090.3,6211,0.25,0.04,0.68,9.59
2004,Ningxia,61.32,65.13,239.42,155.8,73491,376.2,588,0.4,2322,243.99,582.79,67.27,0,12456,791.9,7853,0.25,0.08,0.6,40.67
2004,Xinjiang,120.98,444.7,1010.07,745.38,292142,1147.2,1963,0.37,4910,226.34,1190.34,92.02,0.22,86824,2763.3,28760,2.59,0.04,0.28,14.48
2005,Beijing,95.37,97.99,2026.51,4761.81,1839661,2827.2,1538,0.84,5522,209.8,1183.8,293.42,58.7,14696,1125.4,32113,6.19,2.26,5.34,606.7
2005,Tianjin,89.59,112.38,2051.17,1534.07,2603215,1495.1,1043,0.75,4115,365.69,518.64,458.29,32.78,10836,664.6,39219,3.93,0.73,2.3,567.7
2005,Hebei,408.93,1503.07,5232.5,3360.54,1203361,4139.7,6851,0.38,19745,1332.17,7686.04,7598.18,19.36,75894,4652,88342,2.34,0.05,0.67,219.3
2005,Shanxi,296.47,262.42,2353.16,1563.94,630492,1826.6,3355,0.42,12312,1291.65,2310.68,360.24,0.01,69563,3153.9,133662,1.57,0.08,0.64,77.1
2005,Inner Mongolia,246.57,589.56,1773.21,1532.78,228743,2643.6,2386,0.47,9643,1042.28,1632.25,1144.6,0.69,79029,6246.2,69187,2.4,0.04,0.33,126.4
2005,Liaoning,397.89,882.41,3953.28,3173.32,2467162,4200.4,4221,0.59,14685,845,2680.67,1853.96,14.98,53521,4171.2,95558,4.46,0.22,1.72,815
2005,Jilin,146.85,625.61,1580.83,1413.83,276416,1741.1,2716,0.53,5958,354.16,1718.62,426.49,58.16,50308,3561.8,34162,2.5,0.14,1.42,207.1
2005,Heilongjiang,228.04,684.6,2971.68,1855.22,578939,1737.3,3820,0.53,8026,581.13,1214.48,520.81,23.61,67077,5654.9,61800,2.66,0.11,1.03,109.8
2005,Shanghai,142.32,80.34,4452.92,4620.92,8658271,3509.7,1778,0.89,8312,728.74,1045.21,830.61,48.45,8110,269.1,68636,5.45,1.12,2.27,2006.7
2005,Jiangsu,386.71,1461.49,10355.03,6489.14,12459679,8165.4,7475,0.51,16895,2114.03,9681.49,5233.13,30.05,82739,1615.6,111233,4.61,0.17,1.49,2657.2
2005,Zhejiang,267.35,892.83,7166.15,5378.87,8155104,6520.1,4898,0.56,12032,1094.64,9128.97,2109.14,13.13,48600,1292.3,126903,3.66,0.23,1.25,1019.1
2005,Anhui,171.64,966.49,2221.17,2187.46,508065,2525.1,6120,0.36,6518,636.37,3352.56,507.72,34.25,72807,2353.2,67125,2.66,0.04,0.81,154.8
2005,Fujian,99.37,841.2,3200.26,2527.47,3594551,2316.7,3535,0.49,6157,486.88,2791.64,1438.57,6.61,58286,1613.1,41200,2.84,0.07,0.84,753.3
2005,Jiangxi,90.32,727.37,1917.47,1411.92,265400,2176.6,4311,0.37,4286,305.61,3700.5,626.36,20.61,62300,2423.9,33996,2.41,0.03,0.72,184.9
2005,Shandong,661.84,1963.51,10628.62,5924.74,4772102,9307.3,9248,0.45,23610,1909.59,14425.85,4761.21,22.41,80131,3319.3,144701,4.59,0.1,1.22,786.2
2005,Henan,343.33,1892.01,5514.14,3181.27,561320,4311.6,9380,0.31,14625,1346.77,6487.18,3434.69,3.43,79506,4098.7,78699,3.27,0.04,0.54,206.4
2005,Hubei,167.84,1082.13,2810.01,2628,419384,2676.6,5710,0.43,9851,476.15,4485.69,1626.88,38.9,91131,2525.4,46766,3.92,0.13,1.16,257.8
2005,Hunan,167.21,1274.15,2596.71,2640.48,385607,2629.1,6326,0.37,9110,403.13,3742.32,1091.16,2.99,88200,2902,77534,3.73,0.08,0.7,158.2
2005,Guangdong,272.17,1428.27,11339.93,9598.34,24097511,6977.9,9194,0.61,17769,1764.53,8228.92,2372.73,40.22,115337,2225.2,119287,4.72,0.2,1.11,2889.2
2005,Guangxi,70.55,912.5,1510.68,1652.57,287199,1661.2,4660,0.34,4981,250.23,3306.13,515.74,37.67,62003,2728.8,38226,2.24,0.03,0.39,147.1
2005,Hainan,7.55,300.75,220.07,373.75,85204,367.2,828,0.45,819,72.46,446.42,0,7.31,21162,221.7,10182,0,0.04,0.18,92
2005,Chongqing,73.28,463.4,1259.12,1347.97,239764,1933.2,2798,0.45,4360,185.81,2226.15,218.27,42.16,38215,1269.2,39329,3.58,0.06,0.93,80.3
2005,Sichuan,159.39,1481.14,3067.23,2836.74,409237,3585.2,8212,0.33,11301,365.42,4480.19,1347.41,4.76,114694,2960.4,67351,2.95,0.07,1.34,166
2005,Guizhou,144.13,368.94,826.63,783.49,113495,998.3,3730,0.27,6429,584.3,1685.1,0,0,46893,1985.7,21770,0.05,0.04,0.57,23.4
2005,Yunnan,124.56,669.81,1432.76,1370.32,238576,1777.6,4450,0.3,6024,274.89,2832.62,270.15,5.05,167638,2328.1,62015,2.77,0.07,0.61,84.2
2005,Shaanxi,217.33,435.77,1849.28,1390.61,384088,1882.2,3720,0.37,5424,495.85,2164.86,541.14,4.08,54492,3131.2,41551,2.94,0.12,2.42,137
2005,Gansu,104.51,308.06,838.56,787.36,110610,870.4,2594,0.3,4368,339.7,1415.99,339.62,0,41330,2300,26653,2.85,0.04,1.05,31.6
2005,Qinghai,21.12,65.34,264.61,213.37,31350,329.8,543,0.39,1670,55.63,370.62,90.35,0,29720,1091.8,6816,0.17,0.04,0.6,7
2005,Ningxia,74.03,72.08,281.23,252.79,80776,443.3,596,0.42,2510,295.19,567.58,66.42,0,13078,791.9,8529,0.34,0.07,0.55,44.55
2005,Xinjiang,132.44,509.99,1164.79,929.41,499333,1339.1,2010,0.37,5507,265.48,1245.47,132.95,0.11,89531,2761,30041,2.08,0.04,0.25,18.5
2006,Beijing,81.28,98.04,2191.43,1821.86,2493366,3296.4,1581,0.84,5904,207.05,1271.33,246.08,68.37,20503,1121.5,33008,6.55,2.44,5.5,697
2006,Tianjin,90.41,118.23,2488.29,2292.73,3269036,1820.5,1075,0.76,4525,359.24,609.08,303.78,41.24,11316,744.7,41939,4.08,0.9,2.18,686
2006,Hebei,409.11,1606.48,6115.01,5490.54,1519390,5470.2,6898,0.39,21690,1438.88,8625,8990,26.84,143778,4818.2,90831,2.75,0.06,0.66,247
2006,Shanxi,313.86,276.77,2748.33,2485.06,656811,2255.7,3375,0.43,13497,1502.5,2681.13,814.15,0,112930,3110.4,144010,1.78,0.09,0.76,111
2006,Inner Mongolia,277.98,649.62,2327.44,1978.19,269443,3363.2,2397,0.49,11163,1395.93,2211.18,999.52,0.89,128762,6382.6,80371,2.37,0.05,0.34,148
2006,Liaoning,417.34,976.37,4729.5,4175.33,2836964,5689.6,4271,0.59,15883,962.82,3293.8,1650.92,29.12,97786,4196.3,105966,4.39,0.25,1.47,945
2006,Jilin,164.07,672.76,1915.29,1659.29,311747,2594.3,2723,0.53,6622,385.76,1799.19,769.6,63.25,84444,3555.4,35213,2.73,0.16,0.96,308
2006,Heilongjiang,231.44,737.59,3365.31,3049.04,701387,2236,3823,0.54,8728,629.64,1482.74,415.84,24.42,139335,5654.3,65847,2.75,0.15,0.92,137
2006,Shanghai,138.35,93.8,5028.37,4670.11,10847385,3900,1815,0.89,8967,720.33,1131.08,762.75,68.22,10392,310.3,72381,5.73,1.46,2.5,2255
2006,Jiangsu,419.5,1545.01,12250.84,11110.24,16298196,10069.2,7550,0.52,18742,2512.58,10975.97,5757.12,27.48,126972,1616.1,123004,4.23,0.22,1.6,3243
2006,Zhejiang,302.18,925.1,8509.57,7590.57,10759681,7590.2,4980,0.57,13222,1403.49,9952.29,2262.35,17.77,95310,1278.5,140892,3.69,0.29,1.42,1257
2006,Anhui,188.56,1028.66,2648.13,2190.18,660767,3533.6,6110,0.37,7096,718.67,4579.72,451.43,48.95,147611,2387,74141,2.92,0.04,0.97,183
2006,Fujian,112.57,896.17,3743.71,3311.59,4172242,2981.8,3558,0.5,6840,555.8,3416.7,1827.35,7.3,86560,1612.8,44855,2.43,0.09,0.89,878
2006,Jiangxi,101.18,786.14,2320.74,1806.15,395253,2683.6,4339,0.39,4661,344.49,4300.27,682.84,23.39,128236,2423.7,37517,2.23,0.04,0.81,232
2006,Shandong,745.57,2138.9,12751.2,11555.99,6034303,11111.4,9309,0.46,26164,2309.22,16669.63,5214.66,27.17,204910,3329.2,164132,3.14,0.12,1.06,885
2006,Henan,352.47,2049.92,6724.61,6031.21,719853,5904.7,9392,0.33,16235,1512.35,7605.06,3481.07,5.53,236351,4038.7,86547,3.17,0.05,0.64,233
2006,Hubei,199.68,1140.41,3365.08,2929.19,590010,3343.5,5693,0.44,10797,548.41,5202.65,2001.15,54.68,181791,2527,49305,3.79,0.15,1.25,280
2006,Hunan,184.85,1332.23,3151.7,2694.11,517924,3175.5,6342,0.39,9879,464.08,4592.68,970.92,3.7,171848,2905.6,85601,3.82,0.09,0.71,213
2006,Guangdong,310.28,1577.12,13431.82,12500.22,30546431,7973.4,9304,0.63,19765,1884.29,9704.02,4845.2,55.54,178387,2167.9,132389,4.67,0.26,1.19,3143
2006,Guangxi,80.97,1032.47,1878.56,1592.33,383112,2198.7,4719,0.35,5515,279.67,3654.94,292.31,51.84,90318,2735.2,42994,-0.06,0.04,0.38,180
2006,Hainan,14.61,344.48,287.86,217.55,109957,423.9,836,0.46,911,85.08,585.48,0,8.36,17577,224.1,14161,-0.16,0.05,0.2,118
2006,Chongqing,83.98,425.81,1500.97,1234.12,309242,2407.4,2808,0.47,4723,234.87,2618.63,178.2,52.06,100299,1261.9,43009,4.01,0.09,1.06,93
2006,Sichuan,167.75,1595.48,3775.19,3144.72,567612,4412.9,8169,0.34,12539,441.93,5060.03,2061,6.95,164688,2986,75071,3.26,0.08,1.25,199
2006,Guizhou,167.54,393.17,980.78,855.56,135063,1197.4,3757,0.28,7045,760.39,1906.6,0,0.1,113278,2013.6,24709,-0.62,0.05,0.64,26
2006,Yunnan,140.61,749.81,1712.6,1408.76,306085,2208.6,4483,0.31,6641,397.91,3305.97,302.49,3.78,198496,2309.8,66179,2.11,0.08,0.52,107
2006,Shaanxi,187.38,488.48,2440.5,2094.02,439250,2480.7,3735,0.39,5905,544.82,2514.98,570.23,10.83,113303,3184.9,44217,2.89,0.16,2.24,149
2006,Gansu,110.46,333.35,1043.19,868.13,160831,1022.6,2606,0.31,4743,357.38,1454.17,428.92,0,95642,2435.4,28502,3.07,0.06,1.05,28
2006,Qinghai,24.32,69.64,331.16,265.12,51123,408.5,548,0.39,1903,72.04,371.32,97.06,0,47726,1652.4,7271,0.9,0.05,0.52,20
2006,Ningxia,82.42,79.54,349.83,289.33,109481,498.7,604,0.43,2802,367.31,709.91,66.17,0,19903,789.5,9358,-0.63,0.11,0.7,44
2006,Xinjiang,148.51,527.8,1459.3,1241.33,701060,1567.1,2050,0.38,6047,299.01,1224.26,131.59,0.1,143736,2760.8,31163,2.03,0.05,0.28,26
2007,Beijing,80.41,101.26,2509.4,6742.66,3023578,3907.2,1633,0.85,6285,223.15,1168.6,235.22,70.67,20754,1119.9,19877,6.78,2.95,5.4,876.21
2007,Tianjin,90.02,110.19,2892.53,2047.68,3816041,2353.1,1115,0.76,4943,393.13,614.79,186.06,45.69,11531,694.2,50261,4.28,1.04,2.27,828.88
2007,Hebei,453.98,1804.72,7241.8,4662.98,2180605,6884.7,6943,0.4,23585,1633.04,9758.28,10031.76,32.3,147265,4837.8,96891,2.8,0.07,0.66,291.13
2007,Shanxi,238.13,269.68,3438.58,2025.09,961735,2861.5,3393,0.44,15601,1713.18,2780.91,971.91,0,119869,3114.5,155143,2.11,0.09,0.86,177.87
2007,Inner Mongolia,328.95,762.1,3154.56,2174.46,380365,4372.9,2405,0.5,12777,1876.83,2871.17,1395.72,2.1,138610,6694.2,98682,2.4,0.05,0.4,171.48
2007,Liaoning,410.63,1133.4,5853.1,4036.99,3563683,7435.2,4298,0.59,16544,1065.26,3893.2,1941.21,37.71,98101,4200.8,116917,4.53,0.28,1.5,1087.67
2007,Jilin,161.91,783.8,2475.45,2025.44,403905,3651.4,2730,0.53,6557,422.74,1903.81,850.76,82.15,85445,3622.4,37935,2.86,0.17,0.96,313.34
2007,Heilongjiang,222.5,915.38,3695.58,2454.04,1005191,2833.5,3824,0.54,9377,670.32,1645.06,490.21,19.88,140909,5755.2,70137,3.56,0.17,0.93,144.89
2007,Shanghai,131.56,101.84,5678.51,6408.5,13729646,4420.4,1858,0.89,9670,736.25,959.44,744.53,82.12,11163,331.2,78340,5.87,1.75,2.52,2570.32
2007,Jiangsu,436.35,1816.24,14306.4,9618.52,20765836,12268.1,7625,0.53,20948,2577.39,11849.78,6856.11,26.51,133732,1618.8,141158,4.36,0.29,1.67,3820.3
2007,Zhejiang,326.16,986.02,10148.45,7645.96,13696203,8420.4,5060,0.57,14524,1570.01,10548.51,2917.53,20.62,99812,1319.3,154286,3.81,0.44,1.5,1456.58
2007,Anhui,197.4,1200.18,3289.12,2874.88,847669,5087.5,6118,0.39,7739,853.76,5402.23,472.56,61.06,148372,2387,83361,3.28,0.05,0.97,237.55
2007,Fujian,128.67,1002.11,4549.42,3697.6,4914716,4287.8,3581,0.51,7587,723.63,4500.1,1867.12,8.6,86926,1616.3,51263,2.68,0.09,0.89,1027.06
2007,Jiangxi,107.22,905.77,2840.92,1753.56,546334,3301.9,4368,0.4,5053,416.95,5008.54,686.64,22.18,130515,2566.4,40921,2.3,0.04,0.89,289.69
2007,Shandong,765.64,2509.14,14776.53,8680.24,7821241,12537.7,9367,0.47,29177,2691.43,15023.89,5175.61,40.35,212237,3302.2,195259,3.81,0.15,1.2,963.11
2007,Henan,394.89,2217.66,8282.83,4511.97,909923,8010.1,9360,0.34,17838,1829.73,9471.36,3619.93,7.13,238676,4041.7,101341,3.27,0.06,0.67,256.56
2007,Hubei,210.59,1378,3966.68,3886,802387,4330.4,5699,0.44,12143,644.4,5638.85,2178.34,72.57,183780,2565,54909,3.96,0.16,1.21,313.45
2007,Hunan,202.43,1626.52,3916.44,3657.04,659162,4154.8,6355,0.41,11629,547.59,5683.28,1518.12,5.72,175415,2899.1,100076,3.83,0.12,0.8,243.24
2007,Guangdong,327.45,1695.57,15939.1,13449.73,37336085,9294.3,9449,0.63,22217,2187.24,9799.57,6123.03,78.81,182005,2174.8,151282,4.89,0.39,1.3,3507.05
2007,Guangxi,89.63,1241.35,2425.29,2289,490623,2939.7,4768,0.36,5997,355.89,4350.48,530.34,60.48,94202,2734.2,48860,0,0.04,0.37,219.08
2007,Hainan,34.21,361.07,364.26,497.95,166171,502.4,845,0.47,1057,101.61,633.32,7.68,12.26,17789,388.4,17876,-0.31,0.06,0.21,941.02
2007,Chongqing,91.48,482.39,1892.1,1748.02,422272,3127.7,2816,0.48,5947,290.69,3000.05,254.18,70.76,104705,1290.6,50273,3.68,0.13,1.14,197.74
2007,Sichuan,207.82,2032,4641.3,3832,731212,5639.8,8127,0.36,14214,448.6,6375.6,2495.79,7.21,189395,2999.4,81426,3.41,0.1,1.32,268.68
2007,Guizhou,159.51,446.38,1148.27,1147.25,203977,1488.8,3762,0.28,6800,825.71,2059.06,2.5,0,123247,2011.6,26787,-0.42,0.06,0.5,27.97
2007,Yunnan,137.41,837.35,2051.08,1852.88,428695,2759,4514,0.32,7133,473.55,3568.53,329.8,4.69,200333,2308.4,71512,2.28,0.08,0.55,118.33
2007,Shaanxi,234.28,592.63,2964.56,1908.6,533873,3415,3748,0.41,6775,651.28,3175.49,1175.08,17.06,121297,3185.1,49175,3.41,0.2,2.23,164.74
2007,Gansu,118.03,385.97,1279.32,1037.11,168566,1304.2,2617,0.32,5109,424.37,1540.21,591.89,0,100612,2435.2,30528,3.27,0.07,0.95,30.64
2007,Qinghai,24.98,83.41,417.78,282.42,28897,482.8,552,0.4,2095,99.9,436.85,92.95,0,52626,1652.4,8050,1.67,0.05,0.49,24.26
2007,Ningxia,98.25,97.89,451.82,339.49,135098,599.8,610,0.44,3077,432.45,817.36,61.82,0,20562,789.4,10540,-0.42,0.05,0.84,21.83
2007,Xinjiang,152.45,628.72,1647.55,1246.89,1074853,1850.8,2095,0.39,6576,349.2,1479.28,113.66,0.23,145219,2760.5,32669,1.97,0.04,0.28,30.9
2008,Beijing,92.26,112.81,2693.15,7682.07,3471870,3814.7,1695,0.85,6327,242.99,876.51,90.69,76.61,20340,1166.5,20525,6.93,3.82,5.25,982.95
2008,Tianjin,92.7,122.58,3821.07,2410.73,4150023,3389.8,1176,0.77,5364,377.93,534.89,648.13,54.12,12060,764.3,34114,4.46,1.37,2.45,938.14
2008,Hebei,481.98,2034.6,8777.42,5376.59,2913418,8866.6,6989,0.42,24322,1407.6,8953,8676.13,32.15,149503,4853.5,106922,2.81,0.08,0.67,338.41
2008,Shanxi,593.75,302.48,4265.77,2370.48,1437757,3531.2,3411,0.45,15675,1764.93,2074.98,1324.02,0.08,124773,3323.8,126864,2.55,0.12,0.9,180
2008,Inner Mongolia,437.68,906.98,4271.03,2583.79,459830,5475.4,2414,0.52,14100,2071.98,3424.06,1458.32,2.97,147288,6840.3,99298,2.24,0.06,0.44,221.55
2008,Liaoning,436.45,1302,7512.11,4647.46,4215597,10019.1,4315,0.6,17801,1085.26,4074.4,2275.19,34.08,101144,4194.7,121346,4.6,0.35,1.41,1247.56
2008,Jilin,190.52,916.7,3064.63,2442.73,491921,5038.9,2734,0.53,7221,398.63,2581.83,736.78,86.13,87099,3828.6,31105,2.98,0.21,0.82,174.89
2008,Heilongjiang,239.37,1089.1,4365.9,2855,929081,3656,3825,0.55,9979,696.62,1968.21,596.29,19,150845,5755.2,53976,3.72,0.19,1.04,161.7
2008,Shanghai,144.42,111.8,6235.92,7350.43,16047013,4823.1,1888,0.89,10207,765.25,765.46,769.57,80.65,11497,316.1,84400,5.96,2.26,2.59,2939.91
2008,Jiangsu,462.05,2100,16663.81,11548.8,24520798,15300.6,7677,0.54,22232,2631.34,12683.21,5666.59,29.25,140930,1657,139711,4.54,0.46,1.92,4159.3
2008,Zhejiang,338.75,1095.43,11580.33,8811.17,16804833,9323,5120,0.58,15107,1519.53,10207.8,4333.44,17.39,103652,1319.3,139111,4.08,0.64,1.6,1582.55
2008,Anhui,240.46,1418.08,4137.35,3318.74,1075285,6747,6135,0.41,8325,1096.32,5915.18,576.39,57.14,148827,2871,180169,3.48,0.08,1.11,254.65
2008,Fujian,137.02,1157.75,5415.77,4249.59,5594072,5207.7,3604,0.53,8254,715.97,4508.6,1575.31,5.96,88607,1618.4,57202,2.89,0.15,0.94,1121.29
2008,Jiangxi,115.47,1060.38,3414.88,2005.07,778762,4745.4,4400,0.41,5383,407.54,5271.59,558.68,21.14,133815,2650.5,80932,2.05,0.05,0.97,334.85
2008,Shandong,831.5,3002.65,17702.17,10367.23,9667344,15435.9,9417,0.48,30570,2598.25,13887.26,5619.23,42.83,220688,3633.3,244587,4.19,0.2,1.4,1011.63
2008,Henan,330.97,2658.8,10477.92,5271.06,1241969,10490.6,9429,0.36,18976,1754.92,10227.04,3208.94,8.16,240645,4041.9,138441,3.24,0.07,0.66,293.05
2008,Hubei,212.06,1780,4963.61,4586.77,1143924,5647,5711,0.45,12845,525.63,6169.31,2601.62,75.62,188366,2711,71900,4.14,0.2,1.31,340.3
2008,Hunan,198.2,2007.4,4933.08,4216.16,881961,5534,6380,0.42,12355,520.06,6043.88,1411.29,7.57,184568,2894.8,116145,3.86,0.19,1.01,266.22
2008,Guangdong,356.94,1970.23,18402.64,15323.59,41125055,10868.7,9544,0.63,23476,1968.54,9484.35,6392.21,88.18,183155,2164.8,142468,5.31,0.8,1.41,3726.46
2008,Guangxi,95.73,1453.9,3037.74,2679.94,683999,3756.4,4816,0.38,6497,301.26,5110.8,533.09,70.16,99273,2731.4,83123,0.99,0.04,0.46,258.26
2008,Hainan,35.58,437.61,434.4,587.22,166602,705.4,854,0.48,1135,107.9,619.16,601.35,8.51,18563,387.3,15305,1.27,0.06,0.23,966.59
2008,Chongqing,119.8,575.4,2433.27,2087.99,534025,3979.6,2839,0.5,6472,284.88,3135.31,208.46,76.85,108632,1290.5,63763,4.13,0.19,1.18,238.48
2008,Sichuan,234.21,2366.15,5790.1,4350,1066557,7127.8,8138,0.37,15145,400.85,6066.9,3034.65,7.67,224482,3006.1,114719,3.77,0.13,1.28,421.13
2008,Guizhou,195.37,547.85,1408.71,1376.84,274144,1864.5,3793,0.29,7084,816.97,2048.94,0,0,125365,1962.2,32692,0.71,0.07,0.57,32.15
2008,Yunnan,150.49,1020.94,2451.09,2228.07,448392,3435.9,4543,0.33,7511,388.44,3863.8,333.35,4.31,203753,2308.8,44682,1.62,0.08,0.54,141.06
2008,Shaanxi,274.76,753.72,3842.08,2255.52,678154,4614.4,3762,0.42,7417,786.58,3608.62,1250.45,26.82,131038,1195.3,83493,3.78,0.26,2.09,136.92
2008,Gansu,126.46,463,1471.43,1241.68,175008,1712.8,2628,0.34,5346,479.27,1560.32,576.18,0.94,105638,2435.4,23741,3.39,0.08,1,38.27
2008,Qinghai,32.12,105.58,529.4,326.55,39428,583.2,554,0.41,2279,103.23,457.75,102.98,0,56642,1676.4,9115,2.04,0.04,0.41,33.11
2008,Ningxia,109.47,120,581.24,397.27,171671,828.9,618,0.45,3229,449.28,884.76,14.58,0,21008,811.4,26162,-0.12,0.08,0.69,24.49
2008,Xinjiang,179.22,691.1,2086.74,1425.57,1847996,2260,2131,0.4,7069,404.25,1663.82,10.72,0.25,146652,2760.5,46087,2,0.04,0.38,45.6
2009,Beijing,95.58,118.29,2855.55,9179.19,2915311,4616.9,1755,0.85,6570,241.04,1080.33,0,127.06,20755,1169.5,20470,7.12,5.22,5.5,1066
2009,Tianjin,98.05,128.85,3987.84,3405.16,3037507,4738.2,1228,0.78,5874,389.67,699.51,679.55,60.24,14316,781.5,42324,4.66,1.54,2.37,977
2009,Hebei,511.06,2207.34,8959.83,6068.31,1919227,12269.8,7034,0.44,25419,1707.18,10684.55,10964.52,51.43,152135,4880.3,123065,2.85,0.1,0.78,370
2009,Shanxi,589.84,477.59,3993.8,2886.92,409751,4943.2,3427,0.46,15576,1848.76,2753.18,1275.7,0.15,127330,3536.3,109534,2.79,0.18,1.1,205
2009,Inner Mongolia,476.99,929.6,5114,3696.65,383933,7336.8,2422,0.53,15344,2073.49,4333.75,1564.89,3.28,150756,8074.2,113916,2.69,0.07,0.53,240
2009,Liaoning,456.76,1414.9,7906.34,5891.25,3271746,12292.5,4319,0.6,19112,1117.15,4704.83,1674.16,50.85,101117,4229.3,135055,4.79,0.46,1.53,1318
2009,Jilin,201.98,980.57,3541.92,2756.26,334697,6411.6,2740,0.53,7698,458.61,3679.57,380.63,110.64,88430,3913.5,34771,2.98,0.26,1.12,193
2009,Heilongjiang,274.61,1154.33,4060.72,3371.95,635350,5028.8,3826,0.56,10467,685.91,2603.76,777.49,28.37,151470,5756.1,54208,3.89,0.3,1.27,181
2009,Shanghai,142.48,113.82,6001.78,8930.85,13604208,5043.8,1921,0.89,10367,767.77,754.19,1.11,125.03,11671,317.7,76669,6.08,3.12,2.81,3084
2009,Jiangsu,485.97,2261.86,18566.37,13629.07,20735942,18949.9,7725,0.56,23709,2762.15,14475.68,5257.84,50.62,143803,1655.6,152581,4.68,0.69,2.04,4444
2009,Zhejiang,351.97,1163.08,11908.49,9918.78,14767376,10742.3,5180,0.58,15567,1840.32,10822.25,3372.48,28.17,106952,1678.2,151566,4.03,0.93,1.73,1640
2009,Anhui,273.21,1495.45,4905.22,3662.15,842335,8990.7,6131,0.42,8896,1300.24,7278.35,1035.77,86.34,149184,2849.9,196654,3.57,0.13,1.35,279
2009,Fujian,161.89,1182.74,6005.3,5048.49,5111048,6231.2,3627,0.55,8916,882.3,5477.91,2091.67,13.5,89504,2109.7,58163,3.15,0.23,1.11,1175
2009,Jiangxi,117.13,1098.66,3919.45,2637.07,756821,6643.1,4432,0.43,5813,447.42,6200.55,449.98,28.47,137011,2712.4,86057,2.28,0.09,0.99,369
2009,Shandong,879.82,3226.64,18901.83,11768.18,8268513,19034.5,9470,0.48,32420,2828.88,14057.69,6091.77,55.77,226693,3685.7,284086,4.28,0.3,1.53,1120
2009,Henan,471.89,2769.05,11010.5,5700.91,877224,13704.5,9487,0.38,19751,1952.61,11874.13,2771.62,12.46,242314,3949.2,169942,3.27,0.12,0.9,347
2009,Hubei,232.69,1795.9,6038.08,5127.12,943290,7866.9,5720,0.46,13708,606.07,7006.4,3528.15,108.17,197196,2980.2,78984,4.34,0.26,1.65,377
2009,Hunan,212.12,1969.69,5687.19,5402.81,623792,7703.4,6406,0.43,13331,618.51,7652.23,1664.21,11.95,191405,3693,128921,3.79,0.27,1.18,280
2009,Guangdong,394.88,2010.27,19419.7,18052.59,36239049,12933.1,9638,0.63,24654,2157.62,10043.18,8102.61,113.08,184960,2478.6,169653,5.14,1.18,1.65,3939
2009,Guangxi,109.7,1458.49,3381.54,2919.13,496276,5237.2,4856,0.39,7075,409.51,6435.27,453.92,118.45,100491,3126,94466,0.57,0.07,0.61,272
2009,Hainan,37.79,462.19,443.43,748.59,174529,988.3,864,0.49,1233,112.49,938.52,0,9.16,20041,387.3,18393,-0.58,0.1,0.35,903
2009,Chongqing,136.37,606.8,3448.77,2474.44,411372,5214.3,2859,0.52,7030,307.59,3640.74,291.64,118.65,110950,1317.7,68566,3.65,0.29,1.22,278
2009,Sichuan,271.05,2240.61,6711.87,5198.8,1152181,11371.9,8185,0.39,16322,513.09,9003.64,3368.05,7.62,249168,3257.9,118253,4,0.19,1.52,461
2009,Guizhou,227.16,550.27,1476.62,1885.79,152777,2412,3798,0.3,7566,979.15,2883.63,32.44,0.18,142561,1982.7,34803,0.58,0.08,0.68,36
2009,Yunnan,165.45,1067.6,2582.53,2519.62,367973,4526.4,4571,0.34,8032,548.05,5046.45,500.83,7.27,206028,2474.8,46039,2.33,0.1,0.6,159
2009,Shaanxi,262.34,789.64,4236.42,3143.74,409123,6246.9,3772,0.44,8044,834.37,4501.66,1453.49,50.68,144109,3319.5,92557,4.25,0.36,2.32,162
2009,Gansu,124.38,497.05,1527.24,1363.27,83060,2363,2635,0.35,5482,432.45,1854.8,511.89,1.87,114000,2435.4,26605,3.57,0.09,1.1,49
2009,Qinghai,35.46,107.4,575.33,398.54,19783,798.2,557,0.42,2348,101.62,610.99,50.33,0,60136,1676.9,9874,2.14,0.06,0.7,28
2009,Ningxia,140.23,127.25,662.32,563.74,99534,1075.9,625,0.46,3388,454.6,1066.5,0,0,21805,890,29242,-0.11,0.08,0.77,25
2009,Xinjiang,214.55,759.74,1929.59,1587.72,1090808,2725.5,2159,0.4,7526,447.82,2045.88,227.33,0.07,150683,3673.4,45046,0.19,0.06,0.51,48
2010,Beijing,96.84,124.36,3388.38,10600.84,3071739,5403,1962,0.86,6954,261.8,1049.04,0,150.26,21114,1169.4,21762,7.36,5.71,5.82,1192.06
2010,Tianjin,134.29,145.58,4840.23,4238.65,3777104,6278.1,1299,0.8,6818,559.6,831.62,686.83,73.81,14832,781.5,40013,4.78,1.49,2.49,1096.24
2010,Hebei,569.37,2562.81,10707.68,7123.77,2797361,15083.4,7194,0.45,27531,1926.28,12790.21,12368.5,71.04,154344,4916.4,156596,2.96,0.13,0.76,403.48
2010,Shanxi,654.05,554.48,5234,3412.38,674098,6063.2,3574,0.48,16808,2104,3668.25,1673.37,0.32,131644,3752.4,124367,2.92,0.21,0.98,229.29
2010,Inner Mongolia,562.5,1095.28,6367.69,4209.02,435699,8926.5,2472,0.56,16820,2226.55,5435.52,1196.58,5.16,157994,8947.1,137231,3.3,0.11,0.55,232.43
2010,Liaoning,494.59,1631.08,9976.82,6849.37,4294283,16043,4375,0.62,20947,1204.04,4785.82,1262.08,70.77,101545,4278.6,158484,4.87,0.54,1.56,1476.15
2010,Jilin,225.77,1050.15,4506.31,3111.12,450650,7870.4,2747,0.53,8297,463.29,3079.97,422.26,164.15,90437,4024.4,40729,2.93,0.29,0.87,222.59
2010,Heilongjiang,351.54,1302.9,5204.11,3861.59,850565,6812.6,3833,0.56,11234,720.35,3592.25,692.58,24.77,151945,5785,59314,3.97,0.39,1.19,196.17
2010,Shanghai,161.42,114.15,7218.32,9833.51,17325476,5108.9,2303,0.89,11201,864.79,670.8,1.51,169.89,11974,422.4,87256,6.07,2.98,2.81,3393.85
2010,Jiangsu,546.29,2540.1,21753.93,17131.45,28144865,23184.3,7869,0.61,25774,3166.32,15829.74,5731.5,74.4,150307,1921.2,179014,5.52,0.92,2.07,5081.06
2010,Zhejiang,375.77,1360.56,14297.93,12063.82,20094364,12376,5447,0.62,16865,2075.47,11317.16,4136.72,31.91,110177,1774.6,171038,4.1,1.18,1.78,1832.33
2010,Anhui,282.9,1729.02,6436.62,4193.68,1092705,11542.9,5957,0.43,9707,1420.18,8068.91,1044.29,118.87,149382,2849.9,228104,3.83,0.19,1.32,303.24
2010,Fujian,179.64,1363.67,7522.83,5850.62,6661874,8199.1,3693,0.57,9809,890.43,5921.17,2765.35,19.5,91015,2111.4,66083,3.57,0.33,1.16,1248.31
2010,Jiangxi,134.19,1206.98,5122.88,3121.4,1180726,8772.3,4462,0.44,6355,545.36,6262.68,437.3,37.28,140597,2834.5,100635,3.14,0.09,0.92,439.17
2010,Shandong,929.12,3588.28,21238.49,14343.14,11030066,23280.5,9588,0.5,34808,3003.6,14742.57,8033.39,81.46,229859,3833.4,301313,4.61,0.43,1.72,1245.23
2010,Henan,573.13,3258.09,13226.38,6607.89,1219428,16585.9,9405,0.39,21438,2092.09,11564.48,2419.92,23.52,245089,4282,202962,3.3,0.16,0.91,378.66
2010,Hubei,279.61,2147,7767.24,6053.37,1390998,10262.7,5728,0.5,15138,752.72,9000.96,4653.04,157.77,206211,3360.3,93422,4.51,0.35,1.65,428.64
2010,Hunan,231.7,2325.5,7343.19,6369.27,857759,9663.6,6570,0.43,14880,723.75,8748.85,1757.32,16.62,227998,3695.1,149540,3.69,0.29,1.16,324.06
2010,Guangdong,445.06,2286.98,23014.53,20711.55,46717701,15623.7,10441,0.66,26908,2487.86,11610.94,7822.92,134.75,190144,2726.9,192343,5.46,1.31,1.76,4212.6
2010,Guangxi,134.28,1675.06,4511.68,3383.11,652451,7057.6,4610,0.4,7919,543.73,7516.51,518.6,136.61,101782,3205,115476,1.42,0.09,0.66,279.73
2010,Hainan,44.91,539.83,571,953.67,216204,1317,869,0.5,1359,137.39,1264.05,175.94,13.6,21236,693.7,22455,1.18,0.22,0.34,258.86
2010,Chongqing,138.38,685.38,4359.12,2881.08,699445,6688.9,2885,0.53,7856,333.76,4621.05,678.61,161.43,116949,1396.2,81377,4.38,0.4,1.27,348.85
2010,Sichuan,283.57,2482.89,8672.18,6030.41,1240290,13116.7,8045,0.4,17892,570.21,13377.54,4417.17,10.15,266082,3549.2,134305,4,0.27,1.54,543.83
2010,Guizhou,246.76,625.03,1800.06,2177.07,201561,3104.9,3479,0.34,8175,969.05,3809.6,177.18,0.84,151644,2001.9,39735,2.04,0.13,0.65,41.32
2010,Yunnan,176.26,1108.38,3223.49,2892.31,510789,5528.7,4602,0.35,8674,546.25,5786.17,736.08,10.19,209231,2473.4,51564,2.39,0.14,0.61,179.49
2010,Shaanxi,308.25,988.45,5446.1,3688.93,563479,7963.7,3735,0.46,8882,1024.89,5496.55,1378.03,65.21,147461,4079,104414,4.63,0.51,2.15,180.44
2010,Gansu,145.09,599.28,1984.97,1536.5,127497,3158.3,2560,0.36,5923,502.29,2425.34,658.3,2.07,118879,2441.4,30270,3.76,0.14,1.02,62.89
2010,Qinghai,37.14,134.92,744.63,470.88,31765,1016.9,563,0.45,2568,97.15,811.09,150,0,62185,1863.3,11057,2.43,0.07,0.74,23.49
2010,Ningxia,151.54,159.29,827.91,702.45,155225,1444.2,633,0.48,3681,551.36,1422.31,0.83,0,22518,1248.4,32325,0,0.1,0.68,39.64
2010,Xinjiang,240.82,1078.63,2592.15,1766.69,1255468,3423.2,2185,0.43,8290,550.9,2470.9,334.6,0.18,152843,4228.8,48459,1.51,0.09,0.49,52.29
2011,Beijing,94.73,136.27,3752.48,12363.18,3162521,5578.9,2019,0.86,6995,255.5,923.29,0,150.46,21347,1228.4,24663,7.54,7.87,5.76,1343.64
2011,Tianjin,149.14,159.72,5928.32,5219.24,4506675,7067.7,1355,0.81,7598,619.52,942.56,866.28,75.69,15163,866.9,43601,5.13,1.87,2.63,1148.06
2011,Hebei,623.46,2905.73,13126.86,8483.17,3585170,16389.3,7241,0.46,29498,2214.67,14533.91,16941.62,72.11,156965,5170.5,189799,3.27,0.2,0.82,457
2011,Shanxi,766.12,641.42,6635.26,3960.87,768475,7073.1,3593,0.5,18315,2301.73,4101.46,1847.61,0.61,134808,3773.7,134436,3.11,0.31,1.01,318.99
2011,Inner Mongolia,740.52,1306.3,8037.69,5015.89,604497,10365.2,2482,0.57,18737,2639,6499.31,1259.5,3.65,160995,9161.9,168320,3.12,0.15,0.59,255.19
2011,Liaoning,524.47,1915.57,12152.15,8158.98,5114215,17726.3,4383,0.64,22712,1260.4,5799.75,2258.04,75.54,104026,4302.3,184982,5.07,0.72,1.64,1659.69
2011,Jilin,264.67,1277.44,5611.48,3679.91,543392,7441.7,2749,0.53,9103,591.97,3801.93,411.8,155.68,91754,3988.1,47451,3.27,0.44,0.84,232.53
2011,Heilongjiang,381.24,1701.5,6330.53,4549.97,924669,7475.4,3834,0.57,12119,771.57,4379.04,557.9,18.17,155592,5945.3,63216,4.13,0.51,1.02,209.41
2011,Shanghai,170.6,124.94,7927.89,11142.86,19852912,4962.1,2347,0.89,11270,946,805.68,1.3,191.57,12084,461.3,92962,6.18,3.9,3.11,3773.53
2011,Jiangsu,613.11,3064.77,25203.28,20842.21,32443897,26692.6,7899,0.62,27589,3562.63,15034.22,7594.95,80.38,152247,2349.6,202528,5.81,1.4,2.17,5728.51
2011,Zhejiang,398.62,1583.04,16555.58,14180.23,23900740,14185.3,5463,0.62,17827,2323.1,12196.95,4023.21,30.63,111776,1779.1,186376,4.28,1.67,1.85,2019.19
2011,Anhui,315.39,2015.31,8309.38,4975.95,1572974,12455.7,5968,0.45,10570,1609.86,9572.17,2680.4,117.03,149535,3120.8,268413,4.17,0.34,1.4,328.84
2011,Fujian,210.15,1612.24,9069.2,6878.74,8071660,9910.9,3720,0.58,10653,1272.58,6809.62,3507.1,18.64,92322,2110.3,75191,3.54,0.52,1.26,1368.98
2011,Jiangxi,144.75,1391.07,6390.55,3921.2,1664959,9087.6,4488,0.46,6928,648.7,6874.02,607.21,34.35,146632,2834.5,111851,3.53,0.15,0.83,490.81
2011,Shandong,976.56,3973.85,24017.11,17370.89,13449250,26749.7,9637,0.51,37132,3128.18,15072.84,7794.48,76.29,233190,4200.3,318407,4.84,0.61,1.86,1433.74
2011,Henan,654.1,3512.24,15427.08,7991.72,2167255,17769,9388,0.41,23062,2467.24,13824.26,2159.28,36.58,247587,4261.1,241017,3.66,0.26,0.98,423.53
2011,Hubei,321.88,2569.3,9815.94,7247.02,1907825,12557.3,5758,0.52,16579,913.63,9504.29,6830.09,131.9,212747,3354.9,106913,4.83,0.55,1.65,518.96
2011,Hunan,269.56,2768.03,9361.99,7539.54,1096948,11880.9,6596,0.45,16161,880.78,9364.29,1945.56,16.19,232190,3696.3,168516,3.57,0.4,1.19,349.58
2011,Guangdong,501.36,2665.2,26447.38,24097.7,56321600,17069.2,10505,0.67,28480,3017.97,12714.01,8390.53,150.28,190724,2832.1,224394,5.62,1.74,1.96,4524.66
2011,Guangxi,173.34,2047.23,5675.32,3998.33,859064,7990.7,4645,0.42,8591,623.02,8746.52,327.4,142.35,104889,3194.2,136132,1.73,0.14,0.69,299.42
2011,Hainan,52.97,659.23,714.5,1148.93,223310,1657.2,877,0.51,1601,157.24,1521.92,0,15.2,22916,693.7,25115,1.24,0.31,0.41,220.66
2011,Chongqing,150.71,844.52,5543.04,3623.81,1495691,7473.4,2919,0.55,8792,393.5,5016.19,731.36,166.64,118562,1373.4,96771,4.22,0.64,1.28,451.94
2011,Sichuan,280.38,2983.51,11029.13,7014.04,2163358,14222.2,8050,0.42,19696,609.42,14522.3,4924.4,12.86,283268,3516.4,155310,4.22,0.41,1.4,574.19
2011,Guizhou,268.69,726.22,2194.33,2781.29,263411,4235.9,3469,0.35,9068,1024,5309.36,126.21,1.28,157820,2070,44890,2.61,0.17,0.64,56.81
2011,Yunnan,187.81,1411.01,3780.32,3701.79,620874,6191,4631,0.37,9540,536.03,6788.9,849.98,9.72,214524,2491.3,60170,2.46,0.22,0.63,206.41
2011,Shaanxi,344.52,1220.9,6935.59,4355.81,676818,9431.1,3743,0.47,9761,1122.04,6591.6,1442.12,55.67,151986,4083.4,120908,5.37,0.84,1.99,198.88
2011,Gansu,169.69,678.75,2377.83,1963.79,156986,3965.8,2564,0.37,6496,709.9,2759.55,577.42,2.06,123696,2441.5,35269,3.96,0.22,0.97,63.94
2011,Qinghai,50.1,155.08,975.18,540.18,33953,1435.6,568,0.46,3189,91.8,1048.09,205.9,0,64280,1857.6,12586,2.82,0.12,0.75,31.44
2011,Ningxia,190.95,184.14,1056.15,861.92,201306,1644.7,639,0.5,4316,909.42,1463.37,0.42,0,24506,1266.5,36864,1.37,0.16,0.73,43.99
2011,Xinjiang,286.31,1139.03,3225.9,2245.12,1389141,4632.1,2209,0.44,9927,731.02,3171.66,245.48,0.11,155150,4319.7,53252,1.48,0.14,0.5,56.02
2012,Beijing,95.94,150.2,4059.27,13669.93,3124774,6112.4,2069,0.86,7178,283.2,882.34,0,166.16,21492,1276.3,26161.9,7.81,9.73,5.95,1493.55
2012,Tianjin,143.14,171.6,6663.82,6058.46,4906048,7934.8,1413,0.82,8208,587.32,847.42,1651.4,63.8,15391,867.7,46015.2,5.45,2.35,2.8,1189.13
2012,Hebei,642.31,3186.66,14003.57,9384.78,3727328,19661.3,7288,0.47,30250,2246.36,13131.84,14898.03,82.5,163045,5630.3,219130.3,3.63,0.27,0.92,489.6
2012,Shanxi,854.67,698.32,6731.56,4682.95,844689,8863.3,3611,0.51,19336,2456.14,5076.19,1975.81,0.7,137771,3774.5,144607.9,3.42,0.36,1.09,319.63
2012,Inner Mongolia,788.69,1448.58,8801.5,5630.5,539399,11875.7,2490,0.58,19786,2845.29,6062.3,549.15,2.1,163763,9474.3,189942.2,4.66,0.23,0.64,258.02
2012,Liaoning,543.27,2155.82,13230.49,9460.12,5251715,21836.3,4389,0.66,23526,1304.35,5503.78,2523.44,83.63,105562,5006.4,206788.7,5.44,0.91,1.57,1855.64
2012,Jilin,265.3,1412.11,6376.77,4150.36,602771,9511.5,2750,0.54,9443,577.62,3242.75,355,156.48,93208,4398.4,54808.1,3.22,0.58,0.92,238.9
2012,Heilongjiang,393.33,2113.66,6037.61,5540.31,990761,9694.7,3834,0.57,12758,765.88,3985.14,399.91,9.8,159063,6021.8,65230.7,4.61,0.63,1.07,222.47
2012,Shanghai,168.52,127.8,7854.77,12199.15,19354245,5117.6,2380,0.89,11362,882.45,798.87,0,202.4,12541,465.9,94038.3,6.25,4.78,3.37,4137.68
2012,Jiangsu,619.99,3418.29,27121.95,23517.98,33424029,30854.2,7920,0.63,28850,3779.05,16902.33,6465.96,88.7,154118,2354.6,220007.5,5.99,2.05,2.38,6250
2012,Zhejiang,383.59,1667.88,17316.32,15681.13,24466543,17649.4,5477,0.63,18076,2258.6,11575.35,2992.28,32.72,113550,1779.1,191817.3,4.4,2.11,2.08,2178.1
2012,Anhui,355.91,2178.73,9404.84,5628.48,2064675,15425.8,5988,0.47,11358,1744.11,11004.7,2388.1,104.18,165157,3259.8,312436.8,4.46,0.51,1.64,399.62
2012,Fujian,208.53,1776.71,10187.94,7737.13,8882715,12439.9,3748,0.6,11185,1118.97,7258.96,4644.5,18.33,94661,2255.1,84345.1,3.91,0.79,1.38,1457.44
2012,Jiangxi,146.46,1520.23,6942.59,4486.06,2002105,10774.2,4504,0.48,7233,615.04,7572.05,668.22,34.4,150595,2834.5,127195.5,3.68,0.2,0.88,538.57
2012,Shandong,1007.56,4281.7,25735.73,19995.81,13593588,31256,9685,0.52,38899,3141.53,15454.99,7903.89,90.26,244586,4288.1,333602.6,4.94,0.77,2.04,1581.14
2012,Henan,545.87,3769.54,16672.2,9157.57,3193072,21450,9406,0.42,23647,2489.42,14888.89,1218.52,37.56,249649,4890.4,272114.9,3.69,0.34,1.05,463.41
2012,Hubei,311.39,2848.77,11193.1,8208.58,1875374,15578.3,5779,0.54,17675,813.88,10375.28,7365.48,118.85,218151,3814.4,122945.3,5.28,0.7,1.73,582.74
2012,Hunan,275.3,3004.21,10506.42,8643.6,1234202,14523.2,6639,0.47,16744,779.17,10573.71,1805.5,17.27,234040,3828.4,191051.7,3.74,0.51,1.3,383.81
2012,Guangdong,486.7,2847.26,27700.97,26519.69,63622169,18751.5,10594,0.67,29144,2880.99,11485.5,8088.11,138.5,194943,2846.1,256076.7,5.9,2.09,2.17,4786.45
2012,Guangxi,192.85,2172.37,6247.43,4615.3,921500,9808.6,4682,0.44,9155,639.83,9983.95,607.6,167.3,107906,3194.5,161356,0.92,0.19,0.75,311.43
2012,Hainan,54.24,711.54,804.47,1339.53,280703,2145.4,887,0.52,1688,180.96,1672.45,0,12.9,24265,693.7,26880.4,-0.56,0.45,0.48,270.72
2012,Chongqing,149.36,940.01,5975.18,4494.41,3104672,8736.2,2945,0.57,9278,338.8,5561.78,791.26,190.95,120728,1451.7,86474.1,3.99,0.82,1.4,536.94
2012,Sichuan,289.71,3297.21,12333.28,8242.31,3115567,17040,8076,0.44,20575,587.9,13465.03,4093.2,39.7,293499,3533.5,174349.3,4.71,0.55,1.47,640.45
2012,Guizhou,287.21,891.91,2677.54,3282.75,314607,5717.8,3484,0.36,9878,1026.77,6749.36,194.55,0.47,164542,2057.8,52654.9,2.27,0.18,0.61,76.7
2012,Yunnan,195.47,1654.55,4419.2,4235.72,542364,7831.1,4659,0.39,10434,493.42,8013.87,872.57,10.9,219052,2619.4,68734.9,3.82,0.28,0.67,225.61
2012,Shaanxi,405.13,1370.16,8073.87,5009.65,850077,12044.5,3753,0.5,10626,1252.07,7636.17,1489.01,54.5,161411,4093.5,136726.8,5.81,1.07,1.99,311.3
2012,Gansu,173.75,780.5,2600.09,2269.61,183042,5145,2578,0.39,7007,717.5,3651.92,497.12,2.4,131201,2487.1,45831.7,4.29,0.27,1.07,69.79
2012,Qinghai,58.56,176.91,1092.34,624.29,42797,1883.4,573,0.47,3524,114.7,1409.52,236.3,0,65988,1857.6,13483.9,2.96,0.18,0.69,28.29
2012,Ningxia,188.57,199.4,1159.37,982.52,187459,2096.9,647,0.51,4562,954.7,1615.01,0.36,0,26522,1289.5,41113.3,1.07,0.22,0.78,30.98
2012,Xinjiang,333.44,1320.57,3481.56,2703.18,1426084,6158.8,2233,0.44,11831,1047.52,4315.93,375.23,0.16,165909,4749.7,58793.5,1.68,0.2,0.53,66.55
2013,Beijing,86.69,161.83,4352.3,14986.43,3322140,6847.1,2115,0.86,6724,327.88,901.54,0,199.95,21673,1276.7,25748,7.96,9.79,6.08,1771.05
2013,Tianjin,151.03,188.45,7276.68,6905.03,4892996,9130.2,1472,0.82,7882,619.05,951.9,2137.1,55.7,15718,963.4,45233,5.62,2.13,2.98,1274.23
2013,Hebei,657.72,3500.42,14762.1,10038.89,4084405,23194.2,7333,0.48,29664,2334.06,12747.38,11836.4,97.4,174492,6255.5,198009,3.45,0.27,1,545.42
2013,Shanxi,1499.06,773.81,6792.68,5035.75,974937,11031.9,3630,0.53,19761,2551.32,5100.1,2065.3,0,139434,3786.4,156045,3.97,0.37,1.23,341.82
2013,Inner Mongolia,783.74,1599.41,9084.19,6148.78,525553,14217.4,2498,0.59,17681,3167.64,6437.17,521.6,1.66,167515,10203.3,164346,3.66,0.22,0.7,229.11
2013,Liaoning,529.86,2321.63,14269.46,10486.56,5340791,25107.7,4390,0.67,21721,1333.65,6029.97,3015.7,108,110973,5104.4,206868,5.16,0.87,1.65,1832.07
2013,Jilin,237.29,1509.34,6858.23,4613.89,569895,9979.3,2751,0.54,8645,606.13,3390.95,364.4,164.72,94191,4397.2,44811,3.55,0.54,0.92,317.79
2013,Heilongjiang,363.48,2516.79,5918.22,5947.92,1223890,11453.1,3835,0.57,11853,732.66,4070.89,416,10.45,160206,6021.8,61094,4.62,0.58,1.15,227.94
2013,Shanghai,181.78,129.28,8027.77,13445.07,18878591,5647.8,2415,0.9,11346,951.51,750.58,0.3,226.9,12633,465,84305,6.28,4.41,3.6,4579.33
2013,Jiangsu,638.44,3646.08,29094.03,26421.64,33380420,36373.3,7939,0.64,29205,4099.24,18027.05,5930.6,107.2,156094,2599.7,181775,6.27,2.11,2.51,6663.76
2013,Zhejiang,387.56,1784.62,18446.65,17337.22,26241357,20782.1,5498,0.64,18640,2412.8,12479.56,3591.2,30.61,115426,2044.5,188679,4.4,2.03,2.18,2404.08
2013,Anhui,387.18,2348.09,10403.96,6286.82,2246022,18621.9,6030,0.48,11696,1928.35,12191.88,3346.8,100.65,173763,3513.1,396391,4.87,0.7,1.85,416.12
2013,Fujian,203.57,1936.31,11315.3,8508.03,9431370,15327.4,3774,0.61,11190,1263.03,7905.83,5243.2,20.6,99535,2747.8,96674,3.8,0.78,1.44,1565.16
2013,Jiangxi,162.19,1636.49,7671.38,5030.63,2330062,12850.3,4522,0.49,7583,745.34,9228.14,663,36.8,152067,3084.3,135172,3.76,0.2,0.94,587.7
2013,Shandong,944.49,4742.63,27422.47,22519.23,14154610,36789.1,9733,0.54,35358,3464.17,16238.66,8279.7,104.38,252786,4288.1,264100,5.19,0.92,2.15,1764.91
2013,Henan,594.42,4058.98,17806.39,10290.49,3857779,26087.5,9413,0.44,21909,2741.34,16782.03,1128,40.63,249831,4890.4,184823,3.69,0.34,1.11,477.87
2013,Hubei,252.92,3098.16,12171.56,9398.77,2098600,19307.3,5799,0.55,15703,1021.59,11049.36,8132.8,158.67,226912,3929.5,131000,5.99,0.7,1.81,653.57
2013,Hunan,266.33,3099.23,11517.35,9885.09,1440297,17841.4,6691,0.48,14919,841.89,11314.14,1832.7,32.06,235392,4026.6,184535,4.35,0.54,1.33,404.86
2013,Guangdong,493.09,3047.51,29427.49,29688.97,73176341,22308.4,10644,0.68,28480,2973.41,13429.4,8586.6,199.93,202915,3471.7,349011,6.27,1.89,2.32,5126.4
2013,Guangxi,189.77,2343.57,6863.04,5171.39,939561,11907.7,4719,0.45,9100,774.21,10908.43,638.1,186.9,111384,4013.4,151143,1.99,0.27,0.75,319.27
2013,Hainan,51.97,756.47,871.29,1518.7,317293,2697.9,895,0.53,1720,200.62,1988.4,0,10.8,24852,693.7,17325,1.35,0.5,0.47,269.94
2013,Chongqing,134.28,1016.74,6397.92,5242.03,3821140,10435.2,2970,0.58,8049,450.92,6150.34,1250.2,183.97,122846,1680.1,87241,4.5,0.79,1.39,588.41
2013,Sichuan,277.51,3425.61,13579.03,9256.13,3276046,20326.1,8107,0.45,19212,628.1,13947.15,4007.5,80.49,301816,3539.4,167759,5,0.56,1.52,724.9
2013,Guizhou,314.25,1029.05,3243.7,3734.04,320949,7373.6,3502,0.38,9299,1185.44,8189.17,363.6,0,172564,2093.1,72703,2.91,0.22,0.59,118.56
2013,Yunnan,195.78,1895.34,4927.82,4897.75,876855,9968.3,4687,0.41,10072,479.3,9121.78,997,7.99,222940,2618.8,104329,3.74,0.28,0.68,240.97
2013,Shaanxi,482.84,1526.05,8911.64,5607.52,1022410,14884.1,3764,0.51,10610,1391.71,8603.8,1837.9,42.16,165249,4421.1,141579,6.28,1.1,2.14,366.29
2013,Gansu,181.47,879.37,2821.04,2567.6,142943,6527.9,2582,0.4,7287,734.64,4426.58,600.1,2.1,133597,2595.9,51463,4.61,0.3,1.07,65.1
2013,Qinghai,70.83,207.59,1204.31,689.15,35071,2361.1,578,0.49,3768,134.43,1837.71,676.9,0,70117,1857.6,13372,3.29,0.16,0.65,29.81
2013,Ningxia,187.76,222.98,1264.96,1077.12,179874,2651.1,654,0.52,4781,1011.6,1927.6,0,0,28554,1289.5,40914,0.36,0.28,0.81,35.37
2013,Xinjiang,336.34,1468.29,3765.97,3125.98,1593282,7732.3,2264,0.45,13632,1357.29,5190.32,435.7,1,170155,4741.3,66908,1.1,0.24,0.54,64.53
2014,Beijing,88.98,159.2,4433,18333.9,3164897,6924.23,2171,0.86,6831,354.05,703.86,40.9,206.3,21849,1284.8,26551,8.05,10.7,5.95,2010.27
2014,Tianjin,143.93,158.8,4615.5,5866.3,5201145,10518.19,1429,0.82,8145,618.44,1071.16,3284.7,51.2,16110,970.9,49753,5.96,2.29,2.96,1441.46
2014,Hebei,624.59,3164.7,11476.9,10567.3,4913785,26671.92,7323,0.49,29320,2292.92,10721.46,15844.52,97.8,179200,6252.8,209946,3.37,0.31,1.06,621.35
2014,Shanxi,1552.01,736.6,6378,4980.1,1160944,12354.53,3528,0.54,19863,2546.03,4831.96,1758.91,0,140436,4979.5,164918,3.88,0.44,1.19,391.19
2014,Inner Mongolia,806,1638,5114.4,5405.8,640018,17591.83,2449,0.6,18309,3409.33,6404.5,567.59,2.4,172167,10226,191869,2.63,0.19,0.69,264.49
2014,Liaoning,520.81,2002,9038.8,8984.9,5566061,24730.8,4358,0.67,21803,1364.11,5820.58,2529.8,112.1,115430,5129.6,222138,5.38,0.91,1.52,1986.41
2014,Jilin,234.97,1270.2,3804.9,4891.5,624616,11339.62,2642,0.55,8560,626.67,3705.89,1190.5,237.37,96041,4520.5,48311,3.35,0.54,0.95,333.28
2014,Heilongjiang,350.35,2691,4872.4,4607.4,1216656,9828.99,3608,0.58,11955,782.35,3715.19,415.5,10.8,162464,6019.3,60213,4.79,0.68,1.07,239.83
2014,Shanghai,156.55,132,8633.3,16504.5,19194665,6016.43,2467,0.9,11085,787.17,686.03,0,247.4,12945,465,89980,6.38,4.71,3.66,5304.67
2014,Jiangsu,621.07,3607.4,31048.8,30174.3,35055845,41938.62,8281,0.65,29863,4049.84,19496.49,5834.71,121.6,157521,2678,196153,6.3,2.38,2.54,7181.31
2014,Zhejiang,380.79,1726.6,19580.7,18716.2,28110404,24262.77,5890,0.65,18826,2314.72,12413.35,3977.96,30.9,116367,2347.2,194250,4.47,2.27,2.26,2628.81
2014,Anhui,401.8,2295,10982.6,9242.1,2650946,21875.58,5997,0.49,12011,1956.08,12982.13,2544.54,93.4,174373,3548.4,434298,5.13,0.86,1.89,480.26
2014,Fujian,229.16,1855.9,13165.1,9921.2,9758460,18177.86,3945,0.62,12110,1246.13,7778.91,5241.4,18.1,101190,2759.1,111757,3.67,0.87,1.48,1732.45
2014,Jiangxi,165.47,1626.9,8238.7,5802.3,2708856,15079.26,4480,0.5,8055,729.19,9848.6,514.01,46.2,155515,3702.3,151878,3.93,0.23,0.97,670.25
2014,Shandong,997.83,4662.8,23588,22524,15499712,42495.55,9808,0.55,36511,3534.44,16553.17,7624.44,103,259515,5028.9,264459,5.52,1.07,2.19,1992.27
2014,Henan,557.53,3988.2,17139.6,13446.9,4253352,30782.17,9645,0.45,22890,2613.12,17331.49,1458.34,40.9,249857,5199.8,200801,3.71,0.36,1.14,588.78
2014,Hubei,251.82,3001.6,13007.9,12232.6,2398034,22915.3,5816,0.56,16320,933.34,11423.74,9184.82,174.5,236933,4059.3,150762,6.36,0.83,1.87,776.71
2014,Hunan,255.97,2671,11825.1,11385.2,1709068,21242.92,6611,0.49,15317,750.05,12186.83,1208.37,29.5,236250,4550.5,203053,4.58,0.63,1.36,463.07
2014,Guangdong,500.65,3038.7,31930.4,33204,74530955,26293.93,11489,0.68,29593,2961.43,14812.38,8195.41,216.8,212094,4027,343491,6.02,1.94,2.37,5620.63
2014,Guangxi,183.5,2413.4,5145.6,6028.8,1304259,13843.22,4770,0.46,9515,647.32,10752.28,623,209.2,114900,4741.5,163023,2.45,0.41,0.71,373.96
2014,Hainan,58.85,793.2,826.5,1829.3,418531,3112.23,936,0.54,1820,213.47,2151.6,0,9,26002,693.7,23632,-0.43,0.41,0.48,278.88
2014,Chongqing,139.12,990.8,6774.6,6858.5,5190301,12285.42,3043,0.6,8593,430.55,6702.82,1460.82,231.35,127392,1781.2,97377,5.05,0.76,1.42,675.17
2014,Sichuan,298.4,3524.7,13082.7,12283.9,3668402,23318.57,8139,0.46,19879,581.64,14660.53,3424.33,32.4,309742,3976,159034,5.29,0.7,1.57,827.52
2014,Guizhou,319.61,1281.5,3582.4,4309.3,358005,9025.75,3677,0.4,9709,1047.21,9598.34,603.95,0,179079,2373.1,85672,3,0.28,0.6,154.72
2014,Yunnan,187.77,2007.4,5376.5,6657.7,1051669,11498.53,4653,0.42,10455,391.41,9662.5,1108.52,11,230398,2915.9,108544,3.87,0.31,0.67,252.53
2014,Shaanxi,502.04,1566.9,9045,6790.6,1413742,17191.92,3827,0.53,11222,1490.86,9158.75,2332.14,37.5,167145,4524.1,157012,6.46,1.28,2.07,447.34
2014,Gansu,180.47,695.8,2823.3,2999.4,208026,7884.13,2531,0.42,7521,730.96,4935.26,538.3,0.7,138084,3403.4,57240,4.74,0.32,1.12,67.64
2014,Qinghai,62.53,215.9,714.8,917,31555,2861.23,576,0.5,3992,129.86,1869.57,801.5,0,72703,2124.6,14638,3.37,0.19,0.62,30.95
2014,Ningxia,195.22,216.9,1113.7,1143.4,266659,3173.79,678,0.54,4946,1041.6,1803.88,23,0,31276,1289.5,41308,1.16,0.36,0.87,51.64
2014,Xinjiang,366.26,1406.7,3829.3,4028.5,1754986,9447.74,2325,0.45,14926,1759.59,5081.63,796.17,1.1,175468,5462.8,72168,1.04,0.26,0.53,75.86
2015,Beijing,83.39,140.4,4419.8,20218.9,2900145,7495.99,2188,0.87,6853,359.04,553.5,57.7,202.4,21885,1284.8,20078,8.15,16.14,6.01,3809.63
2015,Tianjin,135.11,162.3,4489.6,6227.6,4835967,11831.99,1439,0.83,8260,619.84,777.6,3139.9,52.9,16550,1043.7,48779,6.22,3.21,3.08,1813.28
2015,Hebei,639.37,3100.5,11519.5,11778.4,4765576,29448.27,7345,0.51,29395,2368.85,9126.17,14615.36,112.9,184553,6958.1,198024,3.68,0.52,1.18,736.24
2015,Shanxi,1474.5,726.2,5219.7,5890.5,1143866,14074.15,3519,0.55,19384,2576.32,3786.06,1400.8,0,140960,5085.8,161765,3.94,0.69,1.04,411.07
2015,Inner Mongolia,753.8,1630.2,5269.5,6049.2,613404,13702.22,2440,0.6,18927,3522.75,5830.76,1014,2.6,175374,12094.2,175112,2.73,0.33,0.76,351.42
2015,Liaoning,502.37,2053.7,8344.6,9811.9,5110024,17917.89,4338,0.67,21667,1369.64,4567.71,1186.8,109,120365,5773.4,202021,5.59,1.51,1.27,2066.39
2015,Jilin,218.85,1270.6,3837.8,4909.6,536326,12705.29,2613,0.55,8142,647.82,3325.02,366.1,208.13,97326,5052.7,43333,3.28,0.86,1.01,352.3
2015,Heilongjiang,347.8,2712.2,3926.9,5050.9,631721,10182.94,3529,0.59,12126,795.87,3111.89,386.1,8,163233,6233.8,54478,4.85,1.14,1.05,223.02
2015,Shanghai,161.65,125.5,8408.7,18352.8,17869857,6352.7,2458,0.88,11387,789.53,433.6,0,243,13195,465.1,90893,6.5,7.16,3.73,6612.73
2015,Jiangsu,634.16,3952.5,33371.8,33931.7,34883336,46246.87,8315,0.67,30235,4093.76,18056.11,4622.47,115.8,158805,2723.8,198998,6.35,4.33,2.57,7821.54
2015,Zhejiang,381.5,1771.4,20606.6,21129.8,28300253,27323.32,5985,0.66,19610,2354.49,11330.88,5318.16,41.1,118015,2563.7,201231,4.59,3.9,2.36,2918.13
2015,Anhui,392.85,2376.1,10838.3,10616.8,2765407,24385.97,6011,0.51,12332,2017.84,13207.86,2302.5,117,186940,4168.8,345756,5.25,1.86,1.96,1064.86
2015,Fujian,234.47,1932.8,13735.7,11150.9,9379516,21301.38,3984,0.63,12180,1268.92,7787.48,5009.5,19.2,104585,3200.8,111041,3.95,1.44,1.51,1967.13
2015,Jiangxi,170.41,1714.5,8367.7,6698.8,3014050,17388.13,4485,0.52,8440,734.55,9458.08,385.99,42.1,156625,4009.7,130349,4.17,0.37,1.04,725.78
2015,Shandong,1052.18,4902.8,24814.9,25571.1,14849436,48312.44,9866,0.57,37945,4528.47,15249.07,7351.5,81.86,263447,5434.5,261849,5.73,1.71,2.27,2193.34
2015,Henan,537.07,4015.6,17947.9,15120.7,4577870,35660.35,9701,0.47,23161,2633.91,16676.19,1178.9,32.86,250584,5296.2,192859,3.81,0.55,1.18,687.1
2015,Hubei,252.88,3109.9,13569.5,13664.6,2709819,26563.9,5850,0.57,16404,966.39,11145.46,8857.26,196.37,252980,4062.3,153904,6.67,1.33,1.9,892.31
2015,Hunan,250.52,2747.9,12665.7,13125,1908535,25045.08,6615,0.51,15469,765.69,11680.08,2146.45,36.3,236886,4539.6,199716,4.65,1.02,1.43,521.47
2015,Guangdong,497.95,3189.8,33913.8,37628.9,73018796,30343.03,11678,0.69,30145,3019.24,14530.24,8127.42,239.4,216023,4035.2,339225,6.5,2.87,2.47,6443.1
2015,Guangxi,173.23,2565.5,5391,6841.4,1405562,16227.78,4811,0.47,9761,678.66,11144.46,616.5,229.4,117993,5117.2,149714,1.99,0.83,0.63,425.29
2015,Hainan,65.35,835.4,882.9,2016,426793,3451.22,945,0.55,1938,215.1,2225.2,0,7,26860,1033.4,22287,0.78,0.44,0.46,311.74
2015,Chongqing,139.19,1067.7,7208,7764.8,3993808,14353.24,3070,0.61,8934,436.45,6840.2,1364.43,260.93,140551,1922.8,103833,4.05,1.29,1.57,788.45
2015,Sichuan,253.58,3661,13192.5,13488.6,2838678,25525.9,8196,0.48,19888,589.62,14091,4186.96,42.3,315582,4442.2,154597,5.64,1.11,1.67,884.09
2015,Guizhou,327.57,1642,4026.7,4872.3,544979,10945.54,3708,0.42,9948,1045.08,9940.93,900.05,0,186407,2810.1,84540,3.26,0.4,0.59,181.47
2015,Yunnan,178.65,2079.3,5491.7,7389,1066471,13500.62,4663,0.43,10357,402.8,9436.21,633.42,11.7,236007,2929.4,107608,3.95,0.45,0.8,327.2
2015,Shaanxi,529.36,1599.7,8664.6,7634.5,1462161,18582.24,3846,0.54,11716,1490.57,8578.7,1857.68,34.1,170069,4549.2,140900,6.58,1.77,2.18,515.71
2015,Gansu,176.58,733.4,2505.4,3317.8,215921,8754.23,2523,0.43,7523,731.51,4764.3,124.8,2.4,140052,3847.2,58251,4.87,0.49,1.22,76.57
2015,Qinghai,44.05,208.9,761.1,1041,36670,3210.63,577,0.5,4134,129.86,1767.89,392,0,75593,2349.5,15962,3.85,0.36,0.48,73.96
2015,Ningxia,193.38,236.8,1116.8,1225.8,236899,3505.45,684,0.55,5405,1086.89,1749.79,0.53,0,33240,1289.5,42626,1.26,0.65,0.88,89.72
2015,Xinjiang,379.09,1409.7,3446.1,4451.2,1252263,10813.03,2385,0.47,15651,1758.03,4278.49,1108.35,1.6,178263,5867.6,70673,1.11,0.4,0.56,85.18
2016,Beijing,74.94,129.8,4665.8,22245.7,2545583,7943.89,2195,0.87,6962,411.16,510.28,55.6,237.95,22026,1264.3,20734,8.28,18.5,5.96,4273.71
2016,Tianjin,130.35,168.5,4368,6940.8,4165702,12779.39,1443,0.83,8245,615.45,788.61,3094.19,52.91,16764,1060.9,50506,6.31,3.59,3,2225.94
2016,Hebei,614.57,3082.5,12332.3,13059.3,4399827,31750.02,7375,0.54,29794,2291.62,9898.58,13693.57,128.64,188431,6956,210586,4.08,0.58,1.2,848.21
2016,Shanxi,1433.11,724.3,5113.6,6108.5,1252731,14197.98,3514,0.57,19401,2330.26,3851.54,1648.08,0.66,142066,5293.4,167076,3.75,0.69,1.03,421.63
2016,Inner Mongolia,754.62,1650.6,5579.8,6558.9,519570,15080.01,2436,0.63,19457,3427.49,6298.44,1001.23,2.14,196061,12338.8,186726,2.49,0.36,0.79,410.8
2016,Liaoning,508.94,1841.2,7865.7,10685.6,4481363,6692.25,4327,0.69,21031,1357.71,4010.97,1403.44,107.88,120613,5558.9,207064,5.78,1.56,1.69,2132.78
2016,Jilin,214.18,1130.1,3901.4,5395.5,490726,13923.2,2567,0.59,8014,597.05,2765.18,863,253.99,102484,5052.7,45060,4.76,0.95,0.94,356.06
2016,Heilongjiang,365.37,2751.2,3689.7,5454,491955,10648.35,3463,0.61,12280,790.43,3381.03,400.65,7.58,164502,6233.8,53569,4.83,1.25,0.99,282.8
2016,Shanghai,158.23,114.3,8570.2,21202.4,16638077,6755.88,2467,0.89,11712,787.55,418.42,0,260.77,13292,465.1,88324,6.66,8.14,3.82,7342.46
2016,Jiangsu,653.12,4039.8,35041.5,38269.6,33095875,49663.21,8381,0.69,31054,4104.31,18038.08,2535.73,138.63,157304,2767.4,202070,6.45,4.89,2.66,8798.68
2016,Zhejiang,379.18,1890.4,21571.3,23792.4,27344970,30276.07,6072,0.68,20276,2259.86,10848,5038,58.06,119053,2576.9,215558,5.29,4.38,2.43,3198.7
2016,Anhui,380.18,2489.8,11517.5,12300.5,2596629,27033.38,6033,0.53,12695,1988.11,13584.12,3440.19,139.12,197588,4242.6,364567,5.38,2.53,1.97,672.56
2016,Fujian,217.15,2145.1,14683.7,12780.6,8722975,23237.35,4016,0.64,12358,1092.25,8105.99,5390.71,21.79,106757,3201,120352,3.77,1.79,1.59,2263.15
2016,Jiangxi,176.67,1794.1,8732.5,7862,2414947,19694.21,4496,0.54,8747,785.61,9553.28,466.31,53.58,161909,4010.5,138118,4.37,0.43,1.13,777.38
2016,Shandong,1096.72,4830.3,25565,28367.2,14431326,53322.94,9973,0.59,38723,4545.63,16156.09,6799.57,86.89,265720,5452.3,285386,5.98,1.95,2.34,2518.74
2016,Henan,536.84,4063.6,18986.9,17198.8,4532273,40415.09,9778,0.49,23117,2498.99,15672.11,1117.3,58.47,267441,5570.8,206087,4.07,0.7,1.23,822.49
2016,Hubei,253.98,3406.5,14527,15419.5,2476326,30011.65,5885,0.59,16850,993.76,11600.53,8714.07,243.46,260179,4138.2,162460,6.81,1.45,1.86,993.16
2016,Hunan,265.51,2915.6,12942,14995.9,1427500,28353.33,6625,0.53,15804,712.65,12239.68,2676.57,47.74,238273,4719.8,206527,4.66,1.05,1.5,580
2016,Guangdong,506.86,3500.5,35499.2,43163.5,65413652,33303.64,11908,0.7,31241,2934.43,15080.6,9078.11,280.06,218085,4157.9,366839,6.63,3.24,2.56,7815.71
2016,Guangxi,182.48,2800.3,5621,7695.3,1262617,18236.78,4857,0.49,10092,544.33,12034.87,520.06,245.3,120547,5192.1,160761,3.53,1.06,0.65,437.2
2016,Hainan,62.26,924.7,904,2261.5,346879,3890.45,957,0.57,2006,236.07,2227.91,0,6.72,28217,1033.4,21786,1.24,0.4,0.54,760.39
2016,Chongqing,142.18,1237,7765.4,9020.7,3355524,16048.1,3110,0.63,9204,448.28,6790.2,1468.69,266.34,142921,2102.1,107966,4.99,1.62,1.72,880.65
2016,Sichuan,250.14,3900.6,13450.1,15787.8,2620151,28811.95,8251,0.5,20362,450.13,14615.51,5362.4,53.03,324138,4622.7,160970,5.7,1.25,1.72,941.93
2016,Guizhou,348.36,1861.8,4468.7,5461.8,399211,13204,3758,0.46,10227,986.64,10798.51,1403.65,1.64,191626,3269.5,89526,3.02,0.54,0.63,237.19
2016,Yunnan,184.54,2225.5,5747.4,8396.1,885517,16119.4,4677,0.45,10656,277.85,11104.36,393.81,13.31,238052,3651.5,115505,4.06,0.45,0.89,330.05
2016,Shaanxi,590.05,1696.1,8906.5,8443.2,1580336,20825.25,3874,0.56,12120,1452.38,7264.04,2088.75,42.04,172471,4632.6,149046,6.69,1.94,2.19,560.81
2016,Gansu,169.72,800.8,2483.5,3623.7,191568,9663.99,2520,0.46,7334,719.76,4640.4,600.94,1.15,143039,4102.1,60661,5.02,0.52,1.22,75.29
2016,Qinghai,53.15,221.2,867.7,1169.3,35839,3528.05,582,0.54,4111,122,1895.42,411.88,0,78585,2349.2,16881,4.04,0.47,0.54,75.27
2016,Ningxia,189.72,241,1179.7,1360.7,205259,3794.25,695,0.59,5592,1017.09,1984.71,50,0,33940,1320.1,43260,1.4,0.81,0.95,87.07
2016,Xinjiang,410.85,1473.2,3446.1,4711.6,1391030,10287.53,2428,0.5,16302,2061.52,4250.23,691.95,2.06,182085,5869,71961,1.45,0.37,0.59,96.66
2017,Beijing,70.06,121.9,5049.4,24711.7,2648035,8370.44,2194,0.87,7133,417.76,374.38,52.72,197.04,22226,1264,20110,8.41,21.01,5.64,4864.09
2017,Tianjin,132.15,169,4564.1,7717.5,4264197,11288.92,1410,0.84,8011,611.51,418.56,3166.86,83.33,16532,1149,51800,6.31,4.14,2.47,2548.23
2017,Hebei,541.9,3130,12778,14732.8,4373347,33406.8,7409,0.56,30386,2372.47,9125.5,13780.23,100.86,191693,7162,228854,4.49,0.67,1.33,958.18
2017,Shanxi,1521.41,719.2,6635.3,7129.8,1385502,6040.54,3510,0.59,20057,2362.85,3760.28,1702.6,9.34,142855,5317,189516,4.54,0.68,0.95,497.24
2017,Inner Mongolia,765.07,1649.8,5874.3,7374,580940,14013.16,2433,0.65,19915,3374.88,3073.86,988.37,3.06,199423,12675,213318,2.98,0.35,0.82,459.79
2017,Liaoning,515.65,1902.3,8328.9,11461.8,4942669,6676.74,4312,0.7,21556,1399.56,3796.97,4298.76,94.82,122705,5915,216135,5.96,1.79,1.84,3158.5
2017,Jilin,214.52,1095.4,3995.5,5831.2,525775,13283.89,2526,0.6,8015,592.28,2715.19,858.02,276.88,103896,5044,49903,5.39,1.21,0.86,388.74
2017,Heilongjiang,355.33,2965.3,3519.5,5828.2,527019,11291.98,3399,0.62,12536,803.48,2452.65,402.94,12.21,165989,6232,56398,4.99,1.46,0.92,336.69
2017,Shanghai,156.58,110.8,9525.9,23288.3,17412685,7246.6,2466,0.89,11859,800.14,417.53,0,291.32,13322,465,96850,6.7,8.39,3.93,7982.39
2017,Jiangsu,645.05,4045.2,39124.1,42700.5,37497007,53277.03,8423,0.7,31430,4403.02,17357.29,2748.61,119.85,158475,2816,220532,6.66,4.93,2.63,9658.19
2017,Zhejiang,401.44,1933.9,23246.7,27222.5,29239726,31696.03,6170,0.69,21030,2374.01,11284.99,4490.79,74,120101,2624,242504,5.78,4.66,2.45,3734.15
2017,Anhui,397.02,2582.3,12681.2,14412.7,3000619,29275.06,6057,0.54,13052,2134.69,13474.02,3769.49,115.83,203285,4275,403426,5.52,2.05,2.09,866.41
2017,Fujian,232.92,2215.1,16290,15337.3,9224366,26416.28,4065,0.66,12890,900.2,8526.11,4739.27,27.9,108012,3191,132227,4.32,2.14,1.69,2607.21
2017,Jiangxi,179.01,1835.3,9444.6,8930.9,2480687,22085.34,4511,0.56,8995,856.93,8984.58,17.83,56.55,162285,4280,154437,4.57,0.5,1.28,807.97
2017,Shandong,1101.8,4832.7,26925.6,31253.8,15729541,55202.72,10033,0.61,38684,5142.88,15417.24,7238.14,91.56,270590,5726,327006,6.24,1.9,2.41,3042.18
2017,Henan,557.62,4139.3,20940.3,19745.3,5012190,44496.93,9829,0.51,22944,2526.05,14973.3,2023.52,46.51,267805,5415,230114,4.34,0.81,1.31,1045.38
2017,Hubei,266.93,3529,15713.9,17992.2,2901100,32282.36,5904,0.6,17150,1016.5,11192.71,8773.21,266.61,269484,4216,188107,6.94,1.84,1.97,1151.03
2017,Hunan,275.97,2998.4,13459.8,17369.9,1766953,31959.23,6633,0.55,16171,723.32,11980.95,2561.85,51.86,239724,4745,225551,5.31,1.19,1.68,1633.92
2017,Guangdong,533.2,3611.4,38536.6,49500.7,67631430,37761.75,12141,0.71,32342,2971.7,15825.3,9174.01,318.21,219580,4201,392381,6.84,3.77,2.61,17622.27
2017,Guangxi,193.85,2878.3,6138.3,8774.1,1439955,20499.11,4907,0.51,10458,574.49,12218.75,280.75,245.18,123259,5191,174642,3.67,0.93,0.77,562
2017,Hainan,60.75,962.8,996.4,2538.4,430166,4244.4,972,0.58,2103,199.95,2213.31,0,3.96,30684,1033,21351,1.41,0.38,0.52,760.89
2017,Chongqing,127.77,1276.1,8455,10335.2,3782905,17537.05,3144,0.65,9545,449.37,6376.78,1448.76,251.59,147881,2166,115536,3.94,1.95,1.88,945.58
2017,Sichuan,229.76,4262.5,14569.2,19073.5,3516899,31902.08,8289,0.52,20874,397.83,13823.83,5402.67,83.24,329950,4832,172922,6.01,1.37,1.72,1127.97
2017,Guizhou,340.34,2032.3,4970.9,6602.3,550042,15503.86,3803,0.48,10482,1114.21,11363.33,1521.26,0.27,194379,3285,96242,4.39,0.49,0.71,312.51
2017,Yunnan,198.22,2338.4,6317.8,9829.8,965886,18935.99,4693,0.46,11091,238.04,11515.21,323.46,14.29,242546,3682,129298,4.44,0.48,0.96,373.82
2017,Shaanxi,637.83,1741.1,10114.1,9618.3,2380721,23819.38,3904,0.58,12537,1581.48,7333.96,2157.3,61.63,174395,4972,163079,6.83,2.25,2.1,800.39
2017,Gansu,173.99,859.8,2515.8,3961.2,169461,5827.75,2522,0.48,7538,704.18,4021.36,515.9,1.86,142252,4664,66204,5.09,0.53,1.19,201.97
2017,Qinghai,48.68,238.4,975.7,1251,28232,3883.55,586,0.56,4202,152.19,1462.63,304.41,0,80895,2349,17923,4.22,0.41,0.68,76.99
2017,Ningxia,226.24,250.6,1406,1543.7,267106,3728.38,705,0.61,6489,953.56,2188.18,282.88,0,34561,1352,38187,1.9,0.93,1.13,304.2
2017,Xinjiang,452.26,1551.8,4096.2,5511.9,1625048,12089.12,2480,0.52,17392,2219.36,4658.57,741.19,2.05,185338,5974,84395,1.75,0.38,0.52,133.23
2018,Beijing,70.6,120.6,5477.4,27508.1,2830769,7910.07,2192,0.87,7270,434.33,396.98,54.52,165.26,22256,1264,20873,8.51,21.43,6.17,5477.18
2018,Tianjin,138.36,175.3,4835.3,8352.3,4605198,10656.74,1383,0.84,7973,708.49,619.42,3377.13,86.26,16257,1153,52221,6.53,4.07,2.62,2906.2
2018,Hebei,595.29,3338.6,12904.1,16252,4949530,35411.21,7426,0.57,32185,2809.74,9554.3,12156.03,121.06,193252,7362,249323,5.62,0.69,1.39,1086.65
2018,Shanxi,1650.24,740.8,7074.5,8142.9,1650384,6384.85,3502,0.6,20199,2853.44,4415.57,2121.66,10.77,143326,5441,211497,5.02,0.65,1.05,630.11
2018,Inner Mongolia,857.57,1750.7,6335.4,8054.7,748055,10047.44,2422,0.66,23068,4164.48,3052.33,1037.7,0.54,202641,12766,232525,2.99,0.36,0.75,448.53
2018,Liaoning,560.66,2020.6,9049,12441,5798976,6923.78,4291,0.7,22321,1453.8,4155.91,4422.08,94.87,122974,6525,223346,6.16,1.67,1.82,3774.94
2018,Jilin,193.87,1160.7,4051.5,6041.6,558685,13496.43,2484,0.61,7000,676.94,1480,1109.17,276.85,105399,5043,52156,5.83,1.15,0.76,490.09
2018,Heilongjiang,329.91,3001.2,3536,6309.3,481622,10761.26,3327,0.64,11436,876.2,1955.16,394.52,16.29,167116,6894,55190,5.11,1.3,0.83,427.47
2018,Shanghai,151.47,104.8,10360.8,25546.3,18102316,7623.42,2475,0.89,11454,823.75,414.52,0,297.76,13106,466,106983,7.11,8.62,4.16,8849.11
2018,Jiangsu,644.97,4141.7,42129.4,46936.5,41716158,56207.27,8446,0.71,31635,4578.08,14717.81,3812.67,121.89,158729,3062,233157,6.9,4.98,2.7,10560.42
2018,Zhejiang,401.66,1975.9,25308.1,30718.8,32793581,33946.45,6273,0.7,21675,2595.26,12323.46,4336.85,119.22,120662,2813,269083,6.38,5.19,2.57,4457.88
2018,Anhui,392.43,2638,14094.4,17278.5,3648534,32729.52,6076,0.56,13295,2533.74,13248.19,3310.17,82.43,208826,4324,406761,5.77,2.44,2.16,1129.84
2018,Fujian,254.14,2379,18847.8,17461,10499385,29454.15,4104,0.67,13131,1398.71,8831.93,4949.48,23.95,108901,3514,136947,4.44,2.4,1.8,2786.98
2018,Jiangxi,183.4,1877.3,10081.2,10758,2694084,24536.81,4513,0.57,9286,1073.43,8884.3,320.3,54.98,161941,4278,174285,4.75,0.56,1.41,877.2
2018,Shandong,1220.03,4950.5,27523.7,34174.7,17344924,57466.03,10077,0.62,40581,5524.79,12619.03,7488.64,87.94,275642,6336,354019,6.71,2.02,2.15,3452.29
2018,Henan,498.13,4311.1,22038.6,23586.2,5785507,48101.18,9864,0.52,22659,2774.96,11019.99,1983.14,58.91,268589,5410,259884,5.01,0.85,1.4,1054.08
2018,Hubei,258.02,3548.2,17573.9,20899.9,3165759,35833.42,5917,0.61,16682,1238.39,10695.31,9326.86,241.87,275039,4341,204307,7.09,1.93,2.09,1422.75
2018,Hunan,243.25,3084.2,13904.1,19341.4,2102750,35155.15,6635,0.56,15544,923.42,10997.43,2499.51,52.9,240060,5070,229957,5.64,1.25,1.81,1831.85
2018,Guangdong,557.28,3836.4,41398.5,54710.4,70772264,41802.26,12348,0.72,33330,3467.52,16082.16,9441.51,321.58,217699,4524,416389,7.22,4.31,2.78,19234.65
2018,Guangxi,209.37,3021.1,6692.9,9913.9,1771386,22713.01,4947,0.52,10823,820.61,11827.06,458.72,215.05,125449,5202,190652,4.12,0.88,0.71,627.23
2018,Hainan,63.83,986,1053.1,2871.6,464591,3713.85,982,0.59,2170,211.23,2104.15,661.74,2.11,35023,1033,22040,1.94,0.5,0.56,927.93
2018,Chongqing,123.8,1378.7,8842.2,11367.9,4597240,18764.64,3163,0.67,8557,543.42,6583.06,1592.68,172.64,157483,2326,128491,5.24,2.08,2.01,1106.86
2018,Sichuan,255.3,4427.4,16056.9,22417.7,4777651,35156.09,8321,0.54,19916,453.47,13752.78,5384.12,74.71,331592,4950,187385,6.9,1.41,1.81,1255.57
2018,Guizhou,291.72,2156,5506.2,7691,574422,17953.47,3822,0.5,10036,1221.96,11121.78,1646.48,0.45,196908,3565,102537,5.14,0.54,0.82,453.03
2018,Yunnan,205.48,2498.7,7267.5,11114.5,1052868,21132.56,4703,0.47,11590,291.89,12119.76,1024.29,15.88,252929,3848,140670,4.49,0.49,1.05,543.69
2018,Shaanxi,576.35,1830.2,11215.3,10896.4,3036220,26296.6,3931,0.6,12900,1639.69,6286.61,2104.47,62.13,177128,5002,173245,7.03,2.26,2.18,1187.86
2018,Gansu,182.5,926.1,2761.6,4416.4,258875,5600.47,2515,0.5,7823,803.44,3883.25,535.08,1.12,143228,4672,70386,5.2,0.51,1.18,236.17
2018,Qinghai,49.06,268.1,1093.7,1386.2,32918,4167.05,587,0.57,4364,124.36,1354.86,343.47,0,82137,2349,18905,4.37,0.51,0.6,78.74
2018,Ningxia,235.93,279.4,1488.1,1742.7,275203,3049.81,710,0.62,7100,1367.77,1767.91,411.59,0,35405,1373,38916,2.49,1.05,1.23,184.77
2018,Xinjiang,480.95,1692.1,4657.2,6460.1,1538155,9042.66,2520,0.54,17694,2572.95,3592.63,558.94,2.48,189050,5959,97498,1.37,0.37,0.53,211.51
2019,Beijing,70.61,114.4,5667.4,29663.4,2650701,7712.31,2190,0.87,7360,445.71,318.77,56.96,164.02,22366,1367,22808,8.65,24.26,6.44,5995.61
2019,Tianjin,137.72,185.4,4947.2,8922.9,4125182,12052.77,1385,0.84,8241,706.6,687.74,3324.81,104.15,16132,1185,50093,6.81,3.63,3.44,3105.44
2019,Hebei,593.43,3518.4,13393.7,18066.5,4805817,37712.94,7447,0.59,32545,2787.25,10527.39,16357.29,105.08,196983,7791,242445,5.94,0.69,1.75,1589.91
2019,Shanxi,1700.04,825.3,7466.3,8670,1473288,6978.64,3497,0.61,20859,2960.8,5257.59,1846.9,6.58,144283,5890,192192,4.7,0.66,1.2,701.36
2019,Inner Mongolia,972.79,1863.3,6763.1,8586.1,737721,10720.61,2415,0.67,25346,4608.41,3380.07,992.6,2.9,206089,13016,188450,3.11,0.38,0.93,584.21
2019,Liaoning,628.03,2178,9475.9,13201.4,5580374,6944.55,4277,0.71,23749,1476.74,4677.41,5055.52,79.16,124767,6512,178253,6.32,1.75,2.19,4028.3
2019,Jilin,197.77,1287.3,4134.8,6304.7,527973,11310.01,2448,0.62,7132,725.24,1815.06,1176.23,289.12,106660,5043,43193,6.16,1.23,1.3,642.97
2019,Heilongjiang,341.14,3183.2,3640.1,6721.1,562729,11439.22,3255,0.65,11614,911.73,1989.61,402.71,18.89,168710,6781,50475,5.45,1.27,1.26,460.46
2019,Shanghai,159.5,107.1,10193.6,27686.9,17009712,8012.22,2481,0.89,11696,797.45,441.53,0,274.9,13045,467,121124,7.26,9.16,4.17,9552.29
2019,Jiangsu,636.58,4297.2,43507.5,50852.1,40297829,59073.84,8469,0.73,32526,4468.81,15767.36,1830.87,83.82,159937,3587,262749,7.29,4.69,2.93,11735.15
2019,Zhejiang,419.15,2086.7,26299.5,34075.8,33958307,37341.09,6375,0.72,22393,2500.95,13399.26,4494.68,99.19,121813,2842,289011,6.79,5.33,2.88,5006.93
2019,Anhui,398.96,2916,14970,18959.5,3985420,35740.63,6092,0.57,13870,2663.97,14113.02,4227.81,77.62,218295,4844,368248,6.11,2.46,2.28,1656.43
2019,Fujian,275.97,2595.5,20065.5,19665.6,10881630,31191.95,4137,0.68,13718,1411.24,9475.07,5113,16.16,109785,3514,134419,4.94,2.17,1.92,2974.71
2019,Jiangxi,186.18,2057.7,10820.3,11789.3,2917584,26794.2,4516,0.59,9665,1100.96,9691.28,470.87,53.56,209131,4905,150950,5,0.61,1.68,1009.85
2019,Shandong,1244.71,5117,28171.8,37251.7,17104427,52753.82,10106,0.62,41390,5292.91,14596.3,7096.1,77.7,280325,6633,309533,7.01,2.04,2.3,5754.32
2019,Henan,464,4635.7,23035.6,26046.5,5929410,51949.28,9901,0.54,22300,2553.5,10459.06,1912.59,61.86,269832,6467,219024,5.45,0.71,1.64,1163.07
2019,Hubei,282.36,3809.4,18723.1,22896.5,3187466,39667.6,5927,0.62,17316,1469.94,11396.85,10282.99,223.96,289029,5165,188133,7.27,2.39,2.31,1864.38
2019,Hunan,242.06,3647.2,15401.7,20845.2,2632841,38705.82,6640,0.58,16001,914.6,11195.62,3303.9,57.91,240566,5579,189740,6.2,1.28,2.15,1841.26
2019,Guangdong,568.98,4350.6,43368.2,60268.1,71991486,46442.31,12489,0.73,34142,3433.89,16949.59,10092.24,311.97,220290,4720,358397,7.71,4.78,3.14,19532.52
2019,Guangxi,226.59,3389.7,7046.4,10801,1932310,24893.46,4982,0.53,11270,1006.51,12072.88,1190.18,183.03,127819,5206,183036,4.35,0.69,0.78,916.4
2019,Hainan,66.1,1079,1083.8,3168.1,484884,3372.18,995,0.59,2264,212.46,2019.04,514.69,0.04,38107,1033,18456,2.21,0.53,0.66,1045.28
2019,Chongqing,125.67,1551.6,9392,12662.2,4971842,19815.46,3188,0.68,8889,554.93,6757.65,1278.01,137.46,174284,2359,112970,4.04,2.19,2.11,1110.7
2019,Sichuan,276.56,4807.5,17187.9,24368.3,5278059,38179.52,8351,0.55,20791,508.47,14184.62,6011.56,64.23,337095,5242,177283,7.1,1.44,2.17,2890.6
2019,Guizhou,289.24,2280.6,5971.5,8517.3,520955,18115.05,3848,0.52,10423,1339.53,11061.07,1753.37,5.69,204723,3753,83402,5.43,0.49,0.91,487.22
2019,Yunnan,172.11,3037.7,8060.4,12125.7,1447536,22928.83,4714,0.49,12158,316.31,12907.45,1750.66,11.37,262409,4053,122727,4.42,0.46,1,670.99
2019,Shaanxi,611.59,1991.1,11779.5,12022.6,2657553,26954.01,3944,0.61,13478,1860.45,6642.74,2039.77,54.7,180070,5419,154749,7.29,2.5,2.42,1212.9
2019,Gansu,185.44,1059.3,2862.4,4796.6,221423,5970.1,2509,0.51,7818,787.82,4450.09,556.51,0.07,151443,4830,63610,5.28,0.46,1.22,256.17
2019,Qinghai,45.28,301.9,1153.9,1485.3,23049,4375.4,590,0.59,4235,107.37,1348.81,126.73,0,83761,2449,15057,2.21,0.49,0.71,78.34
2019,Ningxia,251.9,280,1587.1,1881.4,278358,2735.68,717,0.64,7648,1443.87,1889.67,422.01,0,36576,1553,42511,2.7,0.83,1.52,264.63
2019,Xinjiang,519.31,1781.8,4784.4,7030.9,1716814,9268.73,2559,0.56,18490,2829.19,3877.06,779.67,2.53,194222,6935,84423,2.06,0.33,0.45,241.23
